Player,Country,Position,Goals,Minutes Played,Assists,Attempts On Target,Attempts At Goal,Attempts At Goal Conv. Rate (%),Attempts Inside the Penalty Area,Attempts Outside the Penalty Area,Headed Attempts at Goal,xG,xG Efficiency,Corners,Own Goals,Forced Turnovers,Defensive Pressures Applied,Defensive Pressures Directly Applied,Passes,Passes Completed,Passing Accuracy (%),Crosses,Crossing Accuracy (%),Take-Ons Completed,Defensive Linebreaks Attempted,Defensive Linebreaks Acc (%),Switches of Play Attempted,Switches of Play Acc (%),Fouls Against,Fouls For,Yellow Cards,Red Cards,Indirect Red Cards,Offsides,Infraction Score,Goalkeeper Saves,Goalkeeper Actions Inside the Penalty Area,Goalkeeper Actions Outside the Penalty Area,Total Actions
Kylian Mbappe,FRA,FW,10,769,4,23,41,24,27,14,0,6.54,1.53,5,0,18,166,15,232,201,86.64,10,10,28,31,81,12,92,6,9,1,0,0,7,1,,,,
Lionel Messi,ARG,FW,8,853,4,19,35,23,16,19,0,6.18,1.29,38,0,26,194,23,367,288,78.47,46,39,25,36,58,5,80,3,20,0,0,0,5,0,,,,
Jude Bellingham,ENG,MF,7,698,1,13,19,37,16,3,4,3.92,1.79,0,0,22,234,31,231,191,82.68,9,11,14,21,48,6,100,9,17,1,0,0,1,1,,,,
Erling Haaland,NOR,FW,7,537,0,12,19,37,18,1,7,4.62,1.51,0,0,11,108,5,47,34,72.34,1,0,1,4,25,0,0,5,3,0,0,0,0,0,,,,
Ousmane Dembele,FRA,FW,6,648,2,10,20,30,13,7,1,2.1,2.86,17,0,28,257,16,297,236,79.46,36,17,9,29,62,6,83,0,4,0,0,0,3,0,,,,
Harry Kane,ENG,FW,6,732,1,11,23,26,18,5,5,3.69,1.63,0,0,25,262,22,99,73,73.74,3,33,1,11,55,2,100,8,9,0,0,0,2,0,,,,
Mikel Oyarzabal,ESP,FW,5,664,1,12,23,22,16,7,5,4.33,1.14,0,0,58,272,16,149,124,83.22,8,13,2,4,25,2,50,4,5,0,0,0,1,0,,,,
Ismaila Sarr,SEN,FW,4,419,1,6,17,24,15,2,2,3.68,1.09,0,0,18,157,11,73,57,78.08,2,0,4,10,50,0,0,1,9,0,0,0,2,0,,,,
Julian Quinones,MEX,FW,4,440,1,6,14,29,8,6,2,2.27,1.76,0,0,13,162,12,135,111,82.22,4,50,5,7,100,2,100,5,7,0,0,0,1,0,,,,
Vinicius Junior,BRA,FW,4,505,1,11,17,24,14,3,1,3.24,1.23,2,0,24,172,10,142,116,81.69,15,40,23,21,76,4,100,4,10,0,0,0,3,0,,,,
Bukayo Saka,ENG,FW,3,411,3,7,13,23,11,2,1,1.72,1.74,5,0,7,85,21,101,81,80.2,23,22,12,11,73,2,100,4,9,0,0,0,4,0,,,,
Deniz Undav,GER,FW,3,174,2,4,6,50,5,1,0,1.43,2.1,0,0,6,53,7,31,23,74.19,2,0,0,4,50,0,0,3,0,0,0,0,0,0,,,,
Johan Manzambi,SUI,MF,3,220,2,3,6,50,4,2,0,0.63,4.73,0,0,14,102,13,54,43,79.63,7,43,5,7,57,0,0,3,3,0,0,0,1,0,,,,
Romelu Lukaku,BEL,FW,3,279,1,3,6,50,6,0,2,0.77,3.91,0,0,5,56,1,42,32,76.19,0,0,1,3,67,0,0,2,0,1,0,0,1,1,,,,
Lautaro Martinez,ARG,FW,3,368,1,4,10,30,9,1,2,2.17,1.38,0,0,26,181,19,71,60,84.51,2,50,1,2,50,0,0,8,5,1,0,0,2,1,,,,
Charles De Ketelaere,BEL,FW,3,385,1,5,6,50,6,0,3,1.51,1.98,0,0,19,146,18,91,72,79.12,5,0,3,13,46,1,0,2,3,0,0,0,2,0,,,,
Cody Gakpo,NED,FW,3,394,1,6,10,30,8,2,2,1.35,2.23,1,0,15,127,7,100,79,79.0,10,10,7,18,67,1,0,3,3,0,0,0,3,0,,,,
Bradley Barcola,FRA,FW,3,432,1,5,10,30,7,3,1,1.99,1.51,0,0,21,134,25,117,106,90.6,7,14,11,11,73,0,0,5,1,1,0,0,1,1,,,,
Brian Brobbey,NED,FW,3,245,0,3,4,75,4,0,0,1.4,2.14,0,0,18,53,2,21,18,85.71,1,0,1,0,0,0,0,4,3,0,0,0,2,0,,,,
Elijah Just,NZL,MF,3,291,0,5,7,43,5,2,0,0.86,3.48,0,0,19,152,18,99,85,85.86,1,0,4,5,20,2,50,3,2,1,0,0,0,1,,,,
Matheus Cunha,BRA,FW,3,324,0,4,10,30,5,5,1,1.21,2.49,3,0,9,133,16,90,78,86.67,5,0,3,11,36,0,0,1,3,0,0,0,1,0,,,,
Folarin Balogun,USA,FW,3,348,0,5,14,21,14,0,2,2.02,1.49,0,0,29,106,7,44,30,68.18,6,0,4,6,67,0,0,3,8,1,1,0,3,4,,,,
Raul Jimenez,MEX,FW,3,348,0,7,18,17,13,5,7,3.0,1.0,0,0,27,87,10,66,48,72.73,1,0,1,8,63,0,0,7,2,0,0,0,2,0,,,,
Kai Havertz,GER,FW,3,392,0,7,12,25,11,1,7,2.0,1.5,0,0,19,99,14,117,101,86.32,3,67,1,2,0,0,0,3,4,1,0,0,1,1,,,,
Yoane Wissa,COD,FW,3,409,0,3,11,27,7,4,2,1.79,1.68,0,0,11,118,5,69,60,86.96,2,0,1,5,40,0,0,5,9,0,0,0,1,0,,,,
Ismael Saibari,MAR,MF,3,411,0,3,10,30,7,3,1,1.01,2.97,0,0,32,181,17,95,80,84.21,7,29,4,8,75,1,100,8,3,0,0,0,3,0,,,,
Jonathan David,CAN,FW,3,475,0,9,18,17,13,5,0,2.71,1.11,0,0,45,227,21,103,76,73.79,6,0,1,10,60,1,100,5,5,1,0,0,0,1,,,,
Cristiano Ronaldo,POR,FW,3,490,0,9,18,17,15,3,0,2.94,1.02,0,0,7,72,6,99,86,86.87,1,0,0,4,25,0,0,2,5,0,0,0,6,0,,,,
Crysencio Summerville,NED,FW,2,282,2,2,2,100,1,1,0,0.16,12.33,3,0,17,75,13,67,56,83.58,8,13,5,6,83,0,0,2,5,1,0,0,1,1,,,,
Breel Embolo,SUI,FW,2,531,2,5,10,20,8,2,2,2.58,0.78,0,0,40,177,25,72,56,77.78,1,0,2,8,63,0,0,9,11,2,1,1,4,7,,,,
Leandro Trossard,BEL,FW,2,561,2,4,17,12,10,7,0,1.67,1.2,0,0,26,168,12,199,171,85.93,11,45,10,11,55,4,75,4,8,0,0,0,1,0,,,,
Soufiane Rahimi,MAR,FW,2,215,1,4,6,33,5,1,2,1.59,1.26,0,0,5,73,11,37,27,72.97,5,40,2,5,40,0,0,5,6,0,0,0,2,0,,,,
Nicolas Pepe,CIV,FW,2,255,1,3,6,33,5,1,0,1.42,1.41,6,0,19,97,15,109,93,85.32,10,30,5,10,60,0,0,1,1,1,0,0,1,1,,,,
Pape Gueye,SEN,MF,2,257,1,3,8,25,1,7,0,0.37,5.4,0,0,7,51,10,161,138,85.71,3,33,1,13,54,5,100,4,2,1,0,0,0,1,,,,
Maxi Araujo,URU,MF,2,278,1,3,4,50,3,1,2,1.09,1.83,10,0,10,79,11,57,50,87.72,18,44,7,7,86,0,0,2,7,0,0,0,6,0,,,,
Riyad Mahrez,ALG,FW,2,288,1,3,6,33,4,2,0,1.49,1.34,5,0,22,102,13,147,127,86.39,9,33,0,9,67,6,100,1,7,0,0,0,1,0,,,,
Ramin Rezaeian,IRN,DF,2,309,1,2,4,50,4,0,0,0.97,2.06,7,0,9,82,10,98,68,69.39,17,29,1,12,50,0,0,2,3,0,0,0,1,0,,,,
Ruben Vargas,SUI,FW,2,314,1,4,6,33,4,2,0,1.31,1.53,11,0,14,94,19,88,65,73.86,24,25,7,16,44,0,0,6,6,0,0,0,2,0,,,,
Ayase Ueda,JPN,FW,2,349,1,4,9,22,5,4,2,0.63,3.15,0,0,11,173,9,35,26,74.29,1,0,4,4,50,0,0,6,4,0,0,0,1,0,,,,
Mostafa Zico,EGY,MF,2,398,1,3,8,25,7,1,2,1.1,1.82,0,0,15,192,31,83,57,68.67,2,50,0,7,43,1,100,6,5,0,0,0,2,0,,,,
Malik Tillman,USA,MF,2,415,1,4,8,25,5,3,0,0.73,2.75,10,0,15,115,25,163,129,79.14,15,27,7,18,50,2,100,3,14,1,0,0,0,1,,,,
Ermin Mahmic,BIH,MF,2,88,0,2,4,50,2,2,0,0.34,5.88,0,0,1,41,3,16,12,75.0,1,0,0,0,0,1,100,1,1,1,0,0,0,1,,,,
Habib Diarra,SEN,MF,2,168,0,1,3,67,2,1,0,0.54,3.68,0,0,12,73,14,54,52,96.3,1,0,0,2,50,0,0,2,2,0,0,0,0,0,,,,
Marko Arnautovic,AUT,FW,2,173,0,3,3,67,3,0,0,1.31,1.53,0,0,5,35,1,32,25,78.12,1,0,0,0,0,0,0,3,1,1,0,0,5,1,,,,
Amad Diallo,CIV,FW,2,211,0,4,8,25,6,2,0,1.44,1.39,4,0,8,54,12,73,69,94.52,7,29,7,4,100,1,100,0,2,0,0,0,1,0,,,,
Cyle Larin,CAN,FW,2,224,0,4,9,22,9,0,3,1.27,1.58,0,0,8,76,6,23,20,86.96,0,0,1,1,0,0,0,5,1,2,0,0,3,2,,,,
Anthony Elanga,SWE,FW,2,247,0,3,3,67,2,1,0,0.53,3.77,1,0,10,31,1,76,60,78.95,12,0,3,9,33,0,0,0,7,0,0,0,1,0,,,,
Mikel Merino,ESP,MF,2,262,0,3,5,40,5,0,1,1.57,1.27,0,0,24,107,10,101,89,88.12,1,0,2,4,75,2,100,6,8,0,0,0,0,0,,,,
Daichi Kamada,JPN,MF,2,359,0,0,1,200,0,1,0,0.09,23.09,1,0,13,116,22,200,170,85.0,4,50,1,6,50,3,100,2,4,1,0,0,1,1,,,,
Yasin Ayari,SWE,MF,2,371,0,3,7,29,1,6,0,0.44,4.59,9,0,21,100,22,107,84,78.5,17,29,2,2,0,3,67,4,8,1,0,0,0,1,,,,
Emam Ashour,EGY,MF,2,395,0,2,10,20,5,5,1,1.06,1.89,4,0,19,72,12,207,176,85.02,3,0,3,7,57,3,100,2,13,0,0,0,0,0,,,,
Dan Ndoye,SUI,FW,2,437,0,8,16,13,15,1,1,0.86,2.31,0,0,32,141,20,92,73,79.35,13,15,8,10,50,0,0,5,16,0,0,0,4,0,,,,
Daniel Munoz,COL,DF,2,451,0,2,3,67,3,0,0,0.64,3.11,0,0,11,64,20,213,194,91.08,9,22,0,5,20,0,0,9,1,0,0,0,3,0,,,,
Azzedine Ounahi,MAR,MF,2,477,0,3,5,40,1,4,0,0.33,6.13,2,0,26,199,17,315,281,89.21,6,33,8,17,65,3,100,3,7,1,0,0,0,1,,,,
Youri Tielemans,BEL,MF,2,538,0,3,11,18,7,4,2,1.5,1.33,5,0,19,120,24,255,221,86.67,14,21,3,10,50,5,60,7,10,0,0,0,1,0,,,,
Pedro Porro,ESP,DF,2,640,0,3,7,29,4,3,1,1.1,1.82,0,0,36,81,20,420,379,90.24,19,26,3,17,35,9,100,10,9,0,0,0,0,0,,,,
Enzo Fernandez,ARG,MF,2,755,0,4,12,17,4,8,2,0.9,2.22,0,0,46,204,28,519,480,92.49,5,40,5,21,71,8,88,12,6,2,1,1,1,7,,,,
Andreas Schjelderup,NOR,MF,1,297,3,2,3,33,3,0,0,0.2,5.12,0,0,18,68,14,104,89,85.58,7,14,4,9,56,2,50,2,3,0,0,0,0,0,,,,
Alexander Isak,SWE,FW,1,389,3,6,8,13,5,3,1,0.68,1.48,0,0,5,110,15,81,65,80.25,4,0,3,5,60,2,50,4,1,0,0,0,5,0,,,,
Anthony Gordon,ENG,FW,1,442,3,4,6,17,6,0,2,0.7,1.43,0,0,27,151,15,113,96,84.96,10,20,10,18,72,0,0,4,10,0,0,0,0,0,,,,
Iliman Ndiaye,SEN,FW,1,134,2,2,3,33,2,1,0,0.21,4.76,0,0,6,41,8,59,53,89.83,2,0,6,4,50,0,0,2,1,0,0,0,0,0,,,,
Nathan Saliba,CAN,MF,1,206,2,1,3,33,1,2,1,0.3,3.36,0,0,11,43,12,93,79,84.95,4,25,1,4,75,1,100,5,2,1,0,0,0,1,,,,
Hans Vanaken,BEL,MF,1,362,2,1,5,20,4,1,0,0.64,1.56,0,0,12,145,8,164,153,93.29,3,0,1,2,50,2,100,0,6,0,0,0,0,0,,,,
Viktor Gyokeres,SWE,FW,1,400,2,6,12,8,9,3,0,1.39,0.72,0,0,14,75,4,70,48,68.57,1,100,1,8,50,1,100,4,7,1,0,0,1,1,,,,
Julio Enciso,PAR,FW,1,431,2,1,8,13,6,2,1,0.74,1.36,2,0,20,209,17,68,55,80.88,7,43,11,3,33,2,50,3,10,0,0,0,0,0,,,,
Mohamed Salah,EGY,FW,1,469,2,4,9,11,7,2,1,0.95,1.05,15,0,18,150,9,136,112,82.35,16,19,4,9,44,0,0,5,13,0,0,0,1,0,,,,
Declan Rice,ENG,MF,1,622,2,3,6,17,3,3,1,0.31,3.23,30,0,11,120,18,340,312,91.76,40,38,2,12,50,4,75,4,0,2,0,0,1,2,,,,
Achraf Hakimi,MAR,DF,1,650,2,4,14,7,6,8,0,0.96,1.04,21,0,19,93,30,449,402,89.53,38,32,11,7,86,6,83,7,16,1,0,0,0,1,,,,
Promise David,CAN,FW,1,105,1,3,5,20,3,2,1,0.75,1.34,0,0,6,23,1,16,8,50.0,0,0,0,1,0,1,100,4,2,0,0,0,0,0,,,,
Baris Alper Yilmaz,TUR,FW,1,200,1,0,1,100,0,1,0,0.06,16.87,0,0,24,37,5,38,29,76.32,15,0,7,12,67,2,0,4,1,0,0,0,2,0,,,,
Rafael Leao,POR,FW,1,203,1,1,4,25,3,1,0,0.33,3.07,3,0,5,35,4,82,71,86.59,8,50,12,8,63,2,50,1,2,0,0,0,0,0,,,,
Trezeguet,EGY,FW,1,204,1,3,8,13,6,2,3,0.71,1.4,0,0,6,46,4,81,68,83.95,3,0,4,5,40,1,100,3,2,0,0,0,0,0,,,,
Mousa Altamari,JOR,FW,1,230,1,3,8,13,4,4,0,1.13,0.89,0,0,10,82,7,36,28,77.78,1,100,3,4,75,0,0,2,3,0,0,0,1,0,,,,
Sebastian Berhalter,USA,MF,1,231,1,1,3,33,0,3,0,0.1,10.14,12,0,9,63,17,136,114,83.82,9,78,1,10,80,3,67,5,7,1,0,0,0,1,,,,
Marcus Rashford,ENG,FW,1,258,1,5,12,8,9,3,2,1.03,0.97,0,0,2,60,3,104,92,88.46,19,11,7,19,79,1,100,5,1,0,0,0,1,0,,,,
Luis Romo,MEX,MF,1,284,1,1,3,33,1,2,0,0.1,10.05,0,0,14,71,12,106,93,87.74,2,50,0,5,40,0,0,1,3,0,0,0,0,0,,,,
Hwang Inbeom,KOR,MF,1,286,1,2,4,25,2,2,0,0.37,2.74,0,0,20,62,10,218,193,88.53,3,67,1,5,80,2,100,1,1,0,0,0,0,0,,,,
Felix Nmecha,GER,MF,1,299,1,3,8,13,3,5,0,0.49,2.04,0,0,9,74,21,131,120,91.6,2,0,5,4,75,1,0,3,3,0,0,0,0,0,,,,
Kaishu Sano,JPN,MF,1,303,1,1,1,100,0,1,0,0.09,11.52,0,0,10,108,14,131,124,94.66,1,100,2,1,100,1,100,4,1,1,0,0,0,1,,,,
Nathaniel Brown,GER,DF,1,319,1,2,3,33,3,0,0,0.21,4.87,11,0,3,64,21,131,115,87.79,19,32,2,6,67,0,0,4,1,0,0,0,0,0,,,,
Keito Nakamura,JPN,MF,1,330,1,2,5,20,2,3,0,0.17,5.98,0,0,9,80,11,117,100,85.47,9,33,5,10,80,0,0,3,1,0,0,0,1,0,,,,
Petar Sucic,CRO,MF,1,338,1,2,3,33,1,2,0,0.14,7.07,0,0,11,152,25,127,110,86.61,6,17,2,5,20,1,100,7,6,1,0,0,1,1,,,,
Ferran Torres,ESP,FW,1,349,1,4,14,7,13,1,5,2.72,0.37,0,0,8,94,11,86,63,73.26,6,0,2,12,50,0,0,6,4,1,0,0,3,1,,,,
Ivan Perisic,CRO,FW,1,413,1,2,2,50,2,0,1,0.32,3.15,2,0,12,88,13,150,132,88.0,19,16,2,9,56,1,100,4,1,2,0,0,0,2,,,,
Virgil Van Dijk,NED,DF,1,432,1,2,2,50,2,0,2,0.14,7.26,0,0,10,11,4,347,330,95.1,0,0,1,1,100,1,100,2,2,0,0,0,0,0,,,,
Matias Galarza,PAR,MF,1,439,1,1,2,50,0,2,0,0.07,13.75,0,0,42,197,61,113,82,72.57,4,25,2,6,33,0,0,10,9,2,0,0,0,2,,,,
Alex Freeman,USA,DF,1,442,1,1,4,25,4,0,3,0.78,1.28,0,0,17,64,20,283,256,90.46,4,0,13,9,67,4,75,1,1,0,0,0,0,0,,,,
Desire Doue,FRA,FW,1,449,1,8,13,8,4,9,1,0.71,1.41,2,0,14,202,23,196,167,85.2,5,40,10,15,47,3,100,4,8,0,0,0,0,0,,,,
Alex Baena,ESP,MF,1,522,1,5,12,8,4,8,0,0.5,2.0,28,0,24,152,25,218,178,81.65,44,18,5,18,67,2,100,13,8,1,0,0,2,1,,,,
Luis Diaz,COL,FW,1,525,1,7,19,5,15,4,0,1.47,0.68,3,0,29,103,11,166,145,87.35,6,17,7,14,50,10,100,7,9,0,0,0,9,0,,,,
Lisandro Martinez,ARG,DF,1,708,1,2,4,25,2,2,0,0.2,5.09,0,0,11,31,13,450,422,93.78,3,0,2,9,67,1,100,7,4,2,0,0,0,2,,,,
Alexis Mac Allister,ARG,MF,1,869,1,4,13,8,10,3,9,1.92,0.52,0,0,36,239,37,430,393,91.4,1,0,1,3,33,3,100,9,12,1,0,0,0,1,,,,
Kaan Ayhan,TUR,MF,1,11,0,1,1,100,1,0,0,0.68,1.48,0,0,0,1,1,3,1,33.33,0,0,0,0,0,0,0,0,0,0,0,0,0,0,,,,
Mattias Svanberg,SWE,MF,1,25,0,2,3,33,2,1,0,0.23,4.26,0,0,0,5,1,7,7,100.0,0,0,0,0,0,0,0,0,1,0,0,0,0,0,,,,
Mahmoud Saber,EGY,MF,1,51,0,1,3,33,1,2,0,0.16,6.15,0,0,3,10,1,34,30,88.24,1,100,1,1,0,0,0,2,1,1,0,0,0,1,,,,
Nadhir Benbouali,ALG,FW,1,52,0,2,2,50,2,0,2,0.16,6.14,0,0,6,19,4,8,6,75.0,1,0,0,0,0,0,0,0,0,0,0,0,0,0,,,,
Neymar Jr,BRA,FW,1,55,0,2,3,33,3,0,0,0.82,1.22,5,0,0,39,7,26,21,80.77,7,14,1,2,0,0,0,1,1,1,0,0,0,1,,,,
Fiston Mayele,COD,FW,1,55,0,1,5,20,4,1,1,0.72,1.39,0,0,3,23,0,11,7,63.64,0,0,0,0,0,0,0,1,1,0,0,0,1,0,,,,
Goncalo Ramos,POR,FW,1,58,0,1,2,50,2,0,2,0.13,7.42,0,0,5,32,3,11,10,90.91,0,0,0,0,0,0,0,0,0,0,0,0,0,0,,,,
Giovani Lo Celso,ARG,MF,1,64,0,1,1,100,0,1,0,0.15,6.61,1,0,8,23,6,51,47,92.16,1,100,0,0,0,0,0,1,1,0,0,0,1,0,,,,
Hassan Alhaydos,QAT,FW,1,69,0,1,1,100,1,0,0,0.66,1.51,0,0,8,46,1,14,10,71.43,0,0,0,1,0,0,0,1,1,0,0,0,0,0,,,,
Jovo Lukic,BIH,FW,1,77,0,2,3,33,3,0,3,0.46,2.18,0,0,5,34,2,13,7,53.85,0,0,0,1,0,0,0,1,0,1,0,0,0,1,,,,
Mateo Chavez,MEX,DF,1,81,0,1,1,100,1,0,0,0.49,2.04,0,0,5,18,3,26,23,88.46,1,0,2,2,50,0,0,1,1,0,0,0,0,0,,,,
Sasa Kalajdzic,AUT,FW,1,88,0,1,3,33,2,1,2,0.39,2.58,0,0,8,40,2,24,16,66.67,1,0,1,2,0,1,0,2,2,0,0,0,0,0,,,,
Hazem Mastouri,TUN,FW,1,92,0,2,3,33,1,2,1,0.21,4.8,0,0,1,38,4,10,7,70.0,1,100,1,0,0,0,0,2,2,0,0,0,0,0,,,,
Jaminton Campaz,COL,FW,1,98,0,3,6,17,3,3,1,0.64,1.56,0,0,5,41,5,18,12,66.67,3,0,5,2,50,2,100,2,3,0,0,0,2,0,,,,
Thelo Aasgaard,NOR,MF,1,100,0,1,2,50,1,1,0,0.18,5.48,0,0,3,19,3,43,38,88.37,0,0,0,1,100,1,100,0,3,0,0,0,0,0,,,,
Gessime Yassine,MAR,MF,1,101,0,1,2,50,1,1,0,0.45,2.21,1,0,1,22,6,39,34,87.18,1,0,2,2,50,3,67,2,3,0,0,0,0,0,,,,
Alexis Saelemaekers,BEL,MF,1,107,0,1,4,25,3,1,0,0.14,7.01,1,0,4,25,1,42,33,78.57,2,50,2,2,100,0,0,0,2,0,0,0,2,0,,,,
Alvaro Fidalgo,MEX,MF,1,117,0,2,3,33,2,1,0,0.35,2.85,0,0,6,35,4,77,72,93.51,3,0,0,3,0,2,100,0,2,0,0,0,0,0,,,,
Petar Musa,CRO,FW,1,119,0,1,1,100,1,0,0,0.34,2.91,0,0,9,76,11,11,7,63.64,0,0,1,3,33,0,0,1,1,0,0,0,0,0,,,,
Auston Trusty,USA,DF,1,123,0,2,3,33,3,0,1,0.27,3.7,0,0,5,31,6,50,38,76.0,2,0,0,2,0,1,100,2,0,0,0,0,0,0,,,,
Aymen Hussein,IRQ,FW,1,128,0,1,3,33,3,0,3,0.18,5.42,0,1,5,60,3,16,12,75.0,0,0,0,3,67,0,0,2,1,0,0,0,0,0,,,,
Helio Varela,CPV,MF,1,130,0,1,3,33,0,3,0,0.26,3.91,0,0,5,39,2,29,27,93.1,1,0,2,3,100,0,0,1,2,0,0,0,1,0,,,,
Oh Hyeongyu,KOR,FW,1,145,0,2,4,25,4,0,2,0.6,1.67,0,0,4,51,5,22,15,68.18,1,0,1,2,50,0,0,0,1,0,0,0,0,0,,,,
Nico Schlotterbeck,GER,DF,1,152,0,2,2,50,2,0,2,0.25,4.01,0,0,18,7,6,123,110,89.43,0,0,1,3,67,4,75,2,1,0,0,0,0,0,,,,
Giovanni Reyna,USA,MF,1,155,0,1,2,50,2,0,0,0.22,4.61,0,0,8,46,6,94,79,84.04,1,0,1,9,78,1,100,1,2,0,0,0,0,0,,,,
Brian Cipenga,COD,FW,1,160,0,1,6,17,2,4,0,0.23,4.32,1,0,10,72,14,47,28,59.57,11,18,6,12,8,0,0,2,1,0,0,0,1,0,,,,
Ante Budimir,CRO,FW,1,168,0,1,3,33,3,0,1,0.46,2.18,0,0,13,76,13,10,6,60.0,0,0,0,2,0,0,0,6,4,0,0,0,0,0,,,,
Gabriel Martinelli,BRA,FW,1,171,0,1,2,50,1,1,0,0.49,2.04,0,0,6,60,9,65,59,90.77,3,33,1,3,67,0,0,4,4,0,0,0,0,0,,,,
Leo Ostigard,NOR,DF,1,184,0,1,3,33,3,0,3,0.32,3.16,0,0,1,8,3,99,84,84.85,0,0,0,0,0,4,25,2,2,0,0,0,0,0,,,,
Omar Rekik,TUN,DF,1,200,0,1,1,100,1,0,1,0.11,8.73,0,0,5,17,5,93,77,82.8,2,0,0,4,25,1,100,0,1,0,0,0,1,0,,,,
Wilson Isidor,HAI,FW,1,201,0,2,5,20,2,3,1,0.15,6.67,0,0,7,88,1,21,18,85.71,0,0,0,1,100,0,0,3,2,0,0,0,1,0,,,,
Ibrahim Mbaye,SEN,FW,1,203,0,1,4,25,4,0,0,0.29,3.43,0,0,2,41,6,67,63,94.03,8,13,4,9,44,0,0,0,2,0,0,0,0,0,,,,
Michal Sadilek,CZE,MF,1,204,0,3,7,14,5,2,1,0.7,1.42,5,0,10,75,4,84,69,82.14,11,18,0,4,50,2,100,0,3,0,0,0,0,0,,,,
Nikola Vlasic,CRO,MF,1,204,0,1,3,33,2,1,1,0.2,5.07,0,0,14,82,9,40,33,82.5,3,67,2,3,67,0,0,5,0,0,0,0,2,0,,,,
Derrick Luckassen,GHA,DF,1,205,0,1,1,100,1,0,0,0.62,1.62,0,0,2,8,4,125,109,87.2,0,0,0,3,0,1,100,1,2,0,0,0,0,0,,,,
Mauricio,PAR,MF,1,208,0,3,4,25,2,2,0,0.32,3.12,5,0,10,75,4,69,54,78.26,12,17,1,4,25,1,100,3,3,0,0,0,0,0,,,,
Nilson Angulo,ECU,FW,1,240,0,2,2,50,0,2,0,0.04,25.98,7,0,7,83,18,78,63,80.77,8,38,16,14,50,0,0,4,3,0,0,0,0,0,,,,
Abbosbek Fayzullaev,UZB,MF,1,240,0,2,3,33,2,1,1,1.0,1.0,5,0,17,137,27,36,24,66.67,9,22,1,2,50,1,100,6,4,0,0,0,0,0,,,,
Junya Ito,JPN,MF,1,242,0,1,3,33,2,1,0,0.67,1.49,11,0,6,77,5,85,65,76.47,17,35,3,10,60,1,100,2,5,0,0,0,0,0,,,,
Livano Comenencia,CUW,MF,1,253,0,2,5,20,2,3,0,0.31,3.25,0,0,13,102,19,62,50,80.65,1,100,2,4,50,0,0,4,1,1,0,0,0,1,,,,
Thapelo Maseko,RSA,FW,1,255,0,1,8,13,4,4,0,0.47,2.13,1,0,9,97,23,49,37,75.51,2,0,8,5,40,0,0,4,10,0,0,0,0,0,,,,
Agustin Canobbio,URU,MF,1,261,0,1,4,25,4,0,1,0.75,1.33,0,0,16,107,16,68,61,89.71,9,33,2,5,60,0,0,7,5,0,1,0,1,3,,,,
Abdulelah Alamri,KSA,DF,1,268,0,2,4,25,3,1,1,0.93,1.07,0,0,7,23,5,99,81,81.82,1,100,0,3,67,0,0,1,0,1,0,0,0,1,,,,
Amine Gouiri,ALG,FW,1,270,0,2,3,33,2,1,0,0.62,1.61,0,0,7,126,12,58,51,87.93,1,0,1,0,0,0,0,1,1,0,0,0,0,0,,,,
Daizen Maeda,JPN,MF,1,271,0,1,2,50,2,0,1,0.79,1.27,0,0,18,125,22,30,28,93.33,3,0,0,1,100,0,0,2,1,0,0,0,1,0,,,,
Mohammad Mohebbi,IRN,MF,1,271,0,1,2,50,2,0,1,0.24,4.15,0,0,8,133,15,69,49,71.01,1,0,0,3,33,1,0,1,1,0,0,0,0,0,,,,
Marcus Holmgren Pedersen,NOR,DF,1,273,0,1,1,100,1,0,0,0.16,6.1,0,0,7,50,12,107,87,81.31,7,43,0,4,0,0,0,3,1,0,0,0,0,0,,,,
John Mcginn,SCO,MF,1,277,0,1,3,33,3,0,0,0.56,1.78,4,0,5,89,3,55,47,85.45,9,56,1,7,57,1,0,2,11,0,0,0,0,0,,,,
Romano Schmid,AUT,MF,1,283,0,1,2,50,0,2,0,0.12,8.48,0,0,14,142,18,91,65,71.43,4,50,1,5,40,1,100,3,4,0,0,0,0,0,,,,
Nestory Irankunda,AUS,FW,1,285,0,3,6,17,4,2,1,0.81,1.23,0,0,13,116,3,44,32,72.73,1,0,1,1,100,1,0,4,5,0,0,0,0,0,,,,
Nizar Alrashdan,JOR,MF,1,289,0,1,2,50,2,0,1,0.23,4.3,0,0,15,149,17,80,62,77.5,0,0,5,7,43,2,100,5,4,0,0,0,0,0,,,,
Ali Olwan,JOR,FW,1,297,0,3,6,17,4,2,1,0.25,3.93,0,0,11,154,7,48,36,75.0,8,38,6,4,50,1,100,1,4,0,0,0,1,0,,,,
Deroy Duarte,CPV,MF,1,300,0,2,3,33,1,2,0,0.12,8.28,0,0,13,137,26,101,87,86.14,1,100,0,2,50,1,100,4,1,0,0,0,0,0,,,,
Ladislav Krejci,CZE,DF,1,301,0,1,5,20,5,0,5,0.54,1.85,0,0,2,30,10,160,135,84.38,2,50,0,2,50,1,100,6,2,1,0,0,0,1,,,,
Teboho Mokoena,RSA,MF,1,301,0,2,4,25,1,3,0,0.84,1.19,0,0,13,95,22,196,176,89.8,3,0,1,6,50,4,100,3,6,2,0,0,0,2,,,,
Eldor Shomurodov,UZB,FW,1,304,0,2,4,25,4,0,0,0.17,5.79,0,0,28,96,11,72,52,72.22,1,0,5,4,25,0,0,8,4,0,0,0,1,0,,,,
Jamal Musiala,GER,MF,1,305,0,1,6,17,4,2,0,0.34,2.92,0,0,13,107,19,104,86,82.69,8,0,10,9,67,0,0,5,11,1,0,0,0,1,,,,
Finn Surman,NZL,DF,1,306,0,1,2,50,2,0,2,0.24,4.18,0,0,5,28,11,145,135,93.1,0,0,0,1,100,0,0,4,1,0,0,0,0,0,,,,
Caleb Yirenkyi,GHA,MF,1,307,0,1,2,50,2,0,0,0.75,1.33,0,0,12,128,14,70,62,88.57,1,0,2,4,25,0,0,7,3,2,0,0,0,2,,,,
Kerim Alajbegovic,BIH,FW,1,312,0,1,4,25,1,3,0,0.14,7.25,7,0,9,98,8,90,69,76.67,16,6,12,13,77,1,0,4,6,0,0,0,1,0,,,,
Arda Guler,TUR,FW,1,313,0,4,12,8,3,9,0,0.75,1.34,11,0,12,62,7,198,170,85.86,14,29,6,9,67,5,80,3,10,0,0,0,2,0,,,,
Sidny Lopes Cabral,CPV,DF,1,324,0,2,4,25,0,4,0,0.11,8.93,8,0,22,77,9,105,87,82.86,11,9,3,3,33,0,0,2,9,2,0,0,0,2,,,,
Martin Baturina,CRO,MF,1,344,0,1,3,33,0,3,0,0.1,10.18,2,0,17,119,8,93,80,86.02,10,20,8,8,50,1,100,1,14,0,0,0,0,0,,,,
Connor Metcalfe,AUS,MF,1,354,0,2,5,20,1,4,0,0.11,9.21,3,0,28,180,11,80,65,81.25,8,13,3,7,71,1,0,1,0,0,0,0,0,0,,,,
Antonio Nusa,NOR,FW,1,357,0,2,6,17,4,2,0,0.37,2.7,0,0,7,112,16,83,62,74.7,7,14,10,6,33,1,100,1,5,1,0,0,2,1,,,,
Leroy Sane,GER,MF,1,360,0,2,6,17,5,1,0,1.57,0.64,1,0,10,84,15,189,161,85.19,11,18,7,9,44,0,0,3,2,0,0,0,1,0,,,,
Rafik Belghali,ALG,DF,1,362,0,1,3,33,2,1,0,0.28,3.6,0,0,10,64,10,183,168,91.8,5,40,3,3,67,0,0,4,2,0,0,0,0,0,,,,
Fabian Ruiz,ESP,MF,1,366,0,2,8,13,4,4,1,1.33,0.75,0,0,9,82,10,297,266,89.56,7,29,0,12,58,3,100,1,3,0,0,0,0,0,,,,
Franck Kessie,CIV,MF,1,389,0,2,4,25,4,0,0,0.71,1.4,1,0,13,135,13,188,165,87.77,4,0,2,13,46,2,50,7,2,1,0,0,1,1,,,,
Kevin Pina,CPV,MF,1,389,0,1,5,20,0,5,0,0.09,11.33,0,0,22,93,23,156,134,85.9,1,0,3,1,0,3,67,5,3,1,0,0,0,1,,,,
Jhon Arias,COL,MF,1,405,0,4,9,11,7,2,0,0.94,1.07,4,0,33,107,27,240,227,94.58,6,17,6,7,71,3,100,5,2,1,0,0,0,1,,,,
Gonzalo Plata,ECU,FW,1,407,0,5,8,13,4,4,1,1.16,0.86,4,0,14,135,11,147,118,80.27,9,11,8,8,38,1,100,5,4,1,0,0,0,1,,,,
Marcel Sabitzer,AUT,MF,1,412,0,2,5,20,1,4,0,0.46,2.19,9,0,26,137,10,126,94,74.6,30,33,3,16,69,1,100,2,3,1,0,0,1,1,,,,
Kevin De Bruyne,BEL,MF,1,412,0,5,20,5,9,11,0,1.39,0.72,14,0,14,145,13,185,153,82.7,21,24,5,21,48,2,100,2,4,1,0,0,0,1,,,,
Casemiro,BRA,MF,1,425,0,2,4,25,2,2,2,0.66,1.51,0,0,20,103,26,224,200,89.29,4,25,1,8,50,4,100,6,6,2,0,0,0,2,,,,
Jan Paul Van Hecke,NED,DF,1,432,0,2,3,33,3,0,3,0.15,6.86,0,0,11,56,17,360,335,93.06,1,0,1,5,60,4,75,4,2,0,0,0,0,0,,,,
Stephen Eustaquio,CAN,MF,1,444,0,1,4,25,0,4,0,0.1,10.34,44,0,16,91,15,281,244,86.83,42,38,2,15,60,3,100,2,6,0,0,0,0,0,,,,
Nuno Mendes,POR,DF,1,447,0,1,3,33,1,2,0,0.15,6.47,7,0,10,78,16,282,239,84.75,21,29,8,17,53,4,100,3,12,0,0,0,1,0,,,,
Joao Neves,POR,MF,1,450,0,1,3,33,3,0,2,0.25,4.07,1,0,19,192,28,261,247,94.64,2,50,3,9,56,3,67,1,4,0,0,0,0,0,,,,
Yasser Ibrahim,EGY,DF,1,533,0,1,1,100,1,0,1,0.12,8.42,0,0,21,46,24,260,239,91.92,0,0,2,1,0,1,100,6,3,2,0,0,0,2,,,,
Issa Diop,MAR,DF,1,534,0,1,1,100,1,0,1,0.12,8.02,0,0,4,22,3,326,299,91.72,0,0,0,3,0,1,100,4,1,3,0,0,0,3,,,,
Granit Xhaka,SUI,MF,1,673,0,2,9,11,1,8,0,1.16,0.86,0,0,28,116,18,470,427,90.85,4,0,2,15,47,8,100,4,12,2,0,0,0,2,,,,
Cristian Romero,ARG,DF,1,685,0,2,3,33,3,0,3,0.41,2.45,0,0,11,52,22,430,415,96.51,0,0,3,1,0,0,0,9,3,2,0,0,0,2,,,,
Julian Alvarez,ARG,FW,1,690,0,5,11,9,7,4,0,1.39,0.72,0,0,38,285,37,215,183,85.12,1,0,3,4,50,4,100,11,4,0,0,0,2,0,,,,
Lamine Yamal,ESP,FW,1,697,0,12,27,4,13,14,0,2.44,0.41,15,0,22,147,27,265,225,84.91,40,20,35,36,72,3,100,14,9,0,0,0,7,0,,,,
Ezri Konsa,ENG,DF,1,739,0,2,3,33,3,0,2,0.32,3.1,0,0,15,77,22,488,469,96.11,3,0,1,3,100,3,67,8,11,0,0,0,0,0,,,,
Michael Olise,FRA,FW,0,719,7,5,20,0,10,10,0,2.34,0.0,25,0,50,289,32,417,362,86.81,20,25,17,28,75,3,100,5,16,1,0,0,0,1,,,,
Bruno Guimaraes,BRA,MF,0,458,4,2,8,0,5,3,1,1.02,0.0,8,0,37,159,15,200,161,80.5,12,17,0,15,33,4,75,4,7,0,0,0,0,0,,,,
Brahim Diaz,MAR,FW,0,500,4,1,6,0,4,2,0,0.31,0.0,1,0,15,156,24,165,142,86.06,8,38,15,13,46,0,0,3,10,0,0,0,0,0,,,,
Martin Odegaard,NOR,MF,0,537,4,3,9,0,5,4,0,0.72,0.0,12,0,18,195,18,367,322,87.74,16,19,3,18,56,0,0,3,4,0,0,0,0,0,,,,
Florian Wirtz,GER,MF,0,405,3,1,10,0,5,5,0,0.97,0.0,5,0,17,123,18,271,223,82.29,12,42,14,15,67,2,100,1,3,0,0,0,1,0,,,,
Roberto Alvarado,MEX,FW,0,476,3,0,5,0,2,3,0,0.28,0.0,14,0,6,75,13,201,163,81.09,34,32,7,17,47,1,100,3,5,0,0,0,1,0,,,,
Houssem Aouar,ALG,MF,0,191,2,1,3,0,1,2,0,0.24,0.0,0,0,8,61,7,84,79,94.05,1,100,1,3,100,0,0,1,2,0,0,0,0,0,,,,
Hannibal Mejbri,TUN,MF,0,298,2,1,3,0,0,3,0,0.06,0.0,4,0,19,125,17,123,94,76.42,9,33,2,11,55,7,71,4,15,0,0,0,0,0,,,,
Chris Wood,NZL,FW,0,306,2,2,5,0,3,2,2,0.47,0.0,0,0,8,88,5,47,36,76.6,0,0,2,8,13,0,0,2,1,0,0,0,4,0,,,,
Ryan Gravenberch,NED,MF,0,374,2,0,5,0,2,3,0,0.25,0.0,0,0,11,54,15,126,111,88.1,5,20,5,3,67,0,0,5,3,0,0,0,0,0,,,,
Joshua Kimmich,GER,DF,0,392,2,1,5,0,1,4,0,0.15,0.0,15,0,26,55,9,368,336,91.3,25,20,1,9,56,2,100,0,7,0,0,0,0,0,,,,
Nicolas Raskin,BEL,MF,0,396,2,1,2,0,2,0,1,0.13,0.0,0,0,19,98,21,230,197,85.65,8,38,0,8,0,1,100,12,3,0,0,0,0,0,,,,
Denzel Dumfries,NED,DF,0,432,2,2,5,0,4,1,2,0.44,0.0,0,0,24,74,8,179,147,82.12,17,29,1,13,54,0,0,6,3,0,0,0,1,0,,,,
Patrick Berg,NOR,MF,0,519,2,0,3,0,0,3,0,0.29,0.0,10,0,21,168,27,174,161,92.53,13,38,5,1,0,2,100,4,2,1,0,0,0,1,,,,
Dani Olmo,ESP,FW,0,535,2,2,13,0,7,6,2,1.16,0.0,0,0,37,305,24,229,207,90.39,2,0,15,17,76,3,100,6,10,0,0,0,0,0,,,,
Marc Cucurella,ESP,DF,0,857,2,3,5,0,3,2,1,0.35,0.0,0,0,21,113,26,474,433,91.35,15,20,1,13,54,2,100,8,4,1,0,0,4,1,,,,
Jose Manuel Lopez,ARG,FW,0,28,1,0,1,0,1,0,0,0.04,0.0,0,0,2,9,3,2,2,100.0,0,0,0,1,0,0,0,1,0,1,0,0,0,1,,,,
Dennis Hadzikadunic,BIH,DF,0,33,1,0,0,0,0,0,0,0.0,0.0,0,0,1,4,2,10,8,80.0,0,0,0,0,0,0,0,1,0,0,0,0,0,0,,,,
Tshepang Moremi,RSA,FW,0,44,1,0,0,0,0,0,0,0.0,0.0,0,0,1,18,1,9,6,66.67,0,0,1,0,0,0,0,1,1,0,0,0,0,0,,,,
Yannick Semedo,CPV,MF,0,46,1,0,1,0,0,1,0,0.01,0.0,2,0,3,12,1,35,27,77.14,2,50,0,0,0,2,100,1,1,0,0,0,0,0,,,,
Nadiem Amiri,GER,MF,0,50,1,1,2,0,1,1,0,0.26,0.0,0,0,1,11,0,20,17,85.0,2,50,0,2,50,1,100,0,0,0,0,0,0,0,,,,
Koki Ogawa,JPN,FW,0,56,1,0,3,0,3,0,2,0.22,0.0,0,0,3,18,0,3,3,100.0,0,0,0,0,0,0,0,1,0,0,0,0,0,0,,,,
Meschack Elia,COD,FW,0,59,1,2,2,0,0,2,0,0.05,0.0,0,0,1,25,3,14,13,92.86,2,0,0,5,60,0,0,2,0,0,0,0,0,0,,,,
Cucho Hernandez,COL,FW,0,66,1,0,1,0,1,0,1,0.04,0.0,0,0,0,24,3,8,5,62.5,1,100,0,0,0,0,0,0,1,0,0,0,0,0,,,,
Abdoulaye Seck,SEN,DF,0,66,1,0,2,0,1,1,1,0.05,0.0,0,0,1,3,1,30,26,86.67,0,0,0,1,0,0,0,1,1,1,0,0,0,1,,,,
Memphis Depay,NED,FW,0,68,1,0,0,0,0,0,0,0.0,0.0,1,0,0,31,2,17,15,88.24,1,100,0,2,100,1,100,1,1,1,0,0,0,1,,,,
Brandon Thomas Asante,GHA,FW,0,70,1,0,0,0,0,0,0,0.0,0.0,0,0,3,28,0,6,3,50.0,2,50,1,0,0,0,0,0,1,0,0,0,1,0,,,,
Takefusa Kubo,JPN,MF,0,77,1,0,1,0,0,1,0,0.01,0.0,0,0,0,49,3,16,12,75.0,0,0,0,2,50,0,0,1,1,0,0,0,0,0,,,,
Ernest Nuamah,GHA,FW,0,109,1,0,0,0,0,0,0,0.0,0.0,0,0,2,58,6,29,20,68.97,0,0,2,2,50,1,100,2,2,0,0,0,0,0,,,,
Kou Itakura,JPN,DF,0,138,1,0,0,0,0,0,0,0.0,0.0,0,0,4,4,2,110,107,97.27,0,0,0,1,100,0,0,1,0,0,0,0,0,0,,,,
Haissem Hassan,EGY,FW,0,138,1,0,1,0,1,0,0,0.09,0.0,0,0,0,44,0,41,35,85.37,9,22,11,13,92,4,100,2,2,2,0,0,0,2,,,,
Kevin Rodriguez,ECU,FW,0,146,1,1,6,0,6,0,2,0.68,0.0,0,0,2,26,6,27,23,85.19,1,0,1,3,67,0,0,3,1,0,0,0,0,0,,,,
Juan Quintero,COL,MF,0,146,1,0,4,0,0,4,0,0.13,0.0,6,0,3,45,0,89,74,83.15,12,33,1,11,64,8,88,0,1,0,0,0,0,0,,,,
Alexandr Sojka,CZE,MF,0,155,1,0,0,0,0,0,0,0.0,0.0,1,0,18,84,9,65,52,80.0,5,40,3,1,0,3,33,0,2,0,0,0,0,0,,,,
Nico Williams,ESP,FW,0,159,1,2,4,0,2,2,1,0.56,0.0,3,0,11,42,1,50,45,90.0,9,22,4,6,83,0,0,2,1,0,0,0,1,0,,,,
Orkun Kokcu,TUR,MF,0,172,1,0,3,0,2,1,0,0.56,0.0,2,0,7,37,9,85,60,70.59,6,0,2,4,25,0,0,2,4,0,0,0,0,0,,,,
Jean Kevin Duverne,HAI,DF,0,186,1,0,1,0,1,0,0,0.03,0.0,0,0,3,56,9,69,59,85.51,2,50,2,1,100,0,0,2,1,0,0,0,1,0,,,,
Wilfried Singo,CIV,DF,0,190,1,0,2,0,2,0,0,0.14,0.0,0,0,13,24,12,92,79,85.87,1,0,3,0,0,0,0,3,1,0,0,0,0,0,,,,
Karim Hafez,EGY,DF,0,198,1,0,1,0,0,1,0,0.01,0.0,0,0,4,36,13,113,99,87.61,2,0,1,2,50,1,100,1,2,0,0,0,0,0,,,,
Ivan Basic,BIH,MF,0,200,1,0,4,0,0,4,0,0.15,0.0,5,0,5,39,8,104,96,92.31,12,58,2,2,50,3,100,2,3,0,0,0,0,0,,,,
Michael Gregoritsch,AUT,FW,0,207,1,0,1,0,1,0,1,0.18,0.0,0,0,9,110,3,29,20,68.97,0,0,0,2,0,0,0,1,1,0,0,0,2,0,,,,
Lucas Bergvall,SWE,MF,0,207,1,0,2,0,2,0,1,0.68,0.0,0,0,10,60,13,88,80,90.91,2,0,2,2,100,0,0,7,4,1,0,0,0,1,,,,
Tijjani Reijnders,NED,MF,0,211,1,2,4,0,3,1,0,0.48,0.0,10,0,7,34,5,67,53,79.1,15,40,0,4,50,0,0,0,3,0,0,0,1,0,,,,
Paul Okon Engstler,AUS,MF,0,214,1,0,0,0,0,0,0,0.0,0.0,1,0,9,78,5,89,77,86.52,1,100,1,6,83,2,100,3,2,0,0,0,0,0,,,,
Marcos Llorente,ESP,DF,0,217,1,0,0,0,0,0,0,0.0,0.0,0,0,12,43,12,152,142,93.42,6,33,1,5,80,0,0,2,1,0,0,0,0,0,,,,
Chemsdine Talbi,MAR,MF,0,217,1,0,2,0,1,1,0,0.05,0.0,0,0,6,59,7,54,47,87.04,9,11,1,3,33,0,0,0,0,0,0,0,0,0,,,,
Thomas Meunier,BEL,DF,0,226,1,1,2,0,1,1,0,0.11,0.0,0,0,17,48,9,116,98,84.48,8,38,1,8,38,2,50,9,0,0,0,0,0,0,,,,
Edmilson Junior,QAT,FW,0,228,1,2,3,0,3,0,0,0.43,0.0,0,0,5,66,11,41,33,80.49,4,25,2,7,43,0,0,4,2,0,0,0,1,0,,,,
Gonzalo Montiel,ARG,DF,0,241,1,0,1,0,1,0,0,0.15,0.0,0,0,3,21,7,100,81,81.0,5,0,0,0,0,0,0,4,2,1,0,0,0,1,,,,
Tim Payne,NZL,DF,0,241,1,0,1,0,0,1,0,0.02,0.0,3,0,5,57,9,87,72,82.76,9,11,1,3,0,0,0,2,2,0,0,0,0,0,,,,
Akmal Mozgovoy,UZB,MF,0,243,1,0,1,0,1,0,0,0.08,0.0,0,0,5,83,8,79,65,82.28,0,0,2,8,50,3,67,0,3,0,0,0,0,0,,,,
Eberechi Eze,ENG,MF,0,247,1,0,5,0,2,3,0,0.28,0.0,1,0,6,59,0,97,89,91.75,3,33,5,7,100,1,100,2,4,0,0,0,1,0,,,,
Christian Pulisic,USA,FW,0,253,1,2,4,0,2,2,0,0.42,0.0,1,0,8,73,9,81,71,87.65,6,17,8,7,71,0,0,1,6,0,0,0,2,0,,,,
Lucas Paqueta,BRA,MF,0,255,1,1,5,0,2,3,1,0.24,0.0,1,0,9,104,17,190,162,85.26,5,0,2,8,63,1,100,3,6,0,0,0,0,0,,,,
Xaver Schlager,AUT,MF,0,265,1,0,1,0,0,1,0,0.02,0.0,0,0,3,76,24,138,130,94.2,1,0,1,1,100,0,0,6,0,0,0,0,0,0,,,,
Nicolas Jackson,SEN,FW,0,271,1,3,7,0,6,1,2,0.56,0.0,0,0,10,106,13,45,36,80.0,1,0,2,4,50,0,0,2,0,0,0,0,5,0,,,,
Amir Alammari,IRQ,MF,0,279,1,0,0,0,0,0,0,0.0,0.0,3,0,19,64,19,125,99,79.2,7,43,1,7,57,0,0,3,0,2,0,0,0,2,,,,
Lamine Camara,SEN,MF,0,287,1,0,3,0,0,3,0,0.14,0.0,5,0,11,124,20,131,117,89.31,8,50,2,4,50,1,100,5,3,1,0,0,0,1,,,,
Ehsan Haddad,JOR,DF,0,287,1,0,1,0,1,0,0,0.03,0.0,0,0,13,80,18,73,54,73.97,7,29,1,9,78,0,0,3,1,0,0,0,0,0,,,,
Mateo Kovacic,CRO,MF,0,293,1,4,5,0,1,4,0,0.46,0.0,0,0,7,95,16,208,198,95.19,0,0,2,3,67,2,100,3,3,0,0,0,0,0,,,,
Ritsu Doan,JPN,MF,0,295,1,0,1,0,0,1,0,0.02,0.0,1,0,9,114,19,105,89,84.76,5,0,1,5,80,0,0,6,5,0,0,0,0,0,,,,
Lee Kangin,KOR,MF,0,300,1,1,4,0,1,3,0,0.15,0.0,9,0,11,81,4,159,140,88.05,20,25,9,12,75,7,86,1,7,1,0,0,0,1,,,,
Vladimir Coufal,CZE,DF,0,301,1,0,1,0,1,0,1,0.02,0.0,9,0,5,49,10,110,79,71.82,20,30,1,10,60,1,0,4,3,0,0,0,1,0,,,,
David Alaba,AUT,DF,0,302,1,0,2,0,0,2,0,0.02,0.0,1,0,5,28,9,222,198,89.19,1,0,0,5,80,1,0,2,0,0,0,0,0,0,,,,
Ibrahim Sangare,CIV,MF,0,305,1,0,1,0,0,1,0,0.0,0.0,0,0,23,114,29,190,172,90.53,1,0,0,4,50,1,100,2,4,0,0,0,0,0,,,,
Noor Alrawabdeh,JOR,MF,0,309,1,0,1,0,0,1,0,0.03,0.0,0,0,20,182,22,111,84,75.68,0,0,4,10,40,5,80,1,0,0,0,0,0,0,,,,
Nico Gonzalez,ARG,MF,0,324,1,1,7,0,7,0,4,0.48,0.0,0,0,12,77,7,109,90,82.57,9,44,5,8,63,0,0,4,3,0,0,0,2,0,,,,
Rayan,BRA,FW,0,327,1,2,5,0,3,2,1,0.76,0.0,1,0,15,112,10,99,93,93.94,10,20,5,5,100,1,100,5,4,0,0,0,1,0,,,,
Arthur Masuaku,COD,DF,0,340,1,0,0,0,0,0,0,0.0,0.0,6,0,9,102,10,169,141,83.43,14,21,2,6,67,5,80,0,4,0,0,0,0,0,,,,
Joao Cancelo,POR,DF,0,342,1,0,3,0,1,2,0,0.06,0.0,1,0,13,66,13,184,160,86.96,12,33,6,9,56,4,75,6,2,0,0,0,1,0,,,,
Facundo Medina,ARG,DF,0,350,1,0,0,0,0,0,0,0.0,0.0,0,0,14,63,15,163,150,92.02,5,40,0,2,100,0,0,3,2,1,0,0,1,1,,,,
Luka Modric,CRO,MF,0,360,1,0,1,0,1,0,1,0.05,0.0,7,0,16,48,12,248,225,90.73,9,44,2,9,44,2,100,4,3,1,0,0,0,1,,,,
Yan Diomande,CIV,FW,0,361,1,0,4,0,3,1,1,0.26,0.0,11,0,20,121,20,142,127,89.44,21,24,15,15,53,1,100,2,7,0,0,0,0,0,,,,
Luis Suarez,COL,FW,0,365,1,0,9,0,7,2,2,0.96,0.0,0,0,13,106,15,53,39,73.58,3,33,2,2,50,0,0,7,8,1,0,0,1,1,,,,
Ryan Mendes,CPV,FW,0,366,1,0,6,0,3,3,0,0.07,0.0,0,0,24,102,14,82,70,85.37,5,0,6,4,50,1,100,1,2,0,0,0,2,0,,,,
Sead Kolasinac,BIH,DF,0,373,1,0,0,0,0,0,0,0.0,0.0,0,0,10,49,17,173,141,81.5,9,11,1,5,20,0,0,6,4,0,0,0,0,0,,,,
Pedro Neto,POR,FW,0,381,1,0,1,0,0,1,0,0.0,0.0,0,0,9,86,8,155,137,88.39,13,23,7,11,73,2,50,4,3,0,0,0,0,0,,,,
Jorge Sanchez,MEX,DF,0,388,1,1,1,0,1,0,0,0.04,0.0,0,0,16,87,21,131,121,92.37,5,20,0,1,0,0,0,5,1,1,0,0,1,1,,,,
Chadi Riad,MAR,DF,0,390,1,0,1,0,1,0,1,0.12,0.0,0,0,7,30,12,226,212,93.81,0,0,1,1,0,1,100,0,1,0,0,0,0,0,,,,
Erik Lira,MEX,MF,0,391,1,0,0,0,0,0,0,0.0,0.0,0,0,17,81,26,199,182,91.46,2,100,2,2,0,5,100,3,4,0,0,0,0,0,,,,
Aurelien Tchouameni,FRA,MF,0,407,1,0,3,0,1,2,0,0.11,0.0,0,0,23,68,20,254,239,94.09,2,0,0,1,100,2,100,4,3,1,0,0,0,1,,,,
Pedro Vite,ECU,MF,0,407,1,1,4,0,1,3,0,0.23,0.0,2,0,34,119,29,297,269,90.57,7,43,1,9,56,2,100,2,5,0,0,0,0,0,,,,
Chancel Mbemba,COD,DF,0,409,1,0,1,0,1,0,0,0.05,0.0,0,0,9,23,12,162,130,80.25,4,0,2,7,43,3,100,1,2,1,0,0,0,1,,,,
Morgan Rogers,ENG,MF,0,411,1,1,3,0,1,2,0,0.13,0.0,0,0,20,162,24,121,102,84.3,6,17,5,13,77,3,100,5,5,0,0,0,2,0,,,,
Konrad Laimer,AUT,MF,0,412,1,0,1,0,0,1,0,0.01,0.0,0,0,19,149,32,150,130,86.67,7,14,3,8,63,0,0,6,3,1,0,0,3,1,,,,
Josip Stanisic,CRO,DF,0,413,1,0,0,0,0,0,0,0.0,0.0,0,0,19,75,17,162,140,86.42,5,20,2,9,67,3,100,0,3,0,0,0,0,0,,,,
Sadio Mane,SEN,FW,0,421,1,3,6,0,4,2,0,0.58,0.0,1,0,14,129,16,129,106,82.17,22,27,10,14,71,2,100,4,10,0,0,0,3,0,,,,
Moussa Niakhate,SEN,DF,0,459,1,0,1,0,1,0,1,0.06,0.0,0,0,12,21,4,290,271,93.45,2,50,0,1,100,4,75,3,6,0,0,0,0,0,,,,
Bruno Fernandes,POR,MF,0,471,1,3,9,0,5,4,0,0.95,0.0,8,0,27,247,20,278,239,85.97,22,23,3,20,65,10,90,2,8,0,0,0,1,0,,,,
David Moller Wolfe,NOR,DF,0,477,1,0,0,0,0,0,0,0.0,0.0,0,0,13,70,22,186,162,87.1,7,14,3,7,43,0,0,7,2,0,0,0,0,0,,,,
Marawan Attia,EGY,MF,0,495,1,1,4,0,1,3,0,0.05,0.0,0,0,18,182,29,357,313,87.68,8,38,0,15,47,8,100,8,1,2,0,0,0,2,,,,
Gustavo Puerta,COL,DF,0,520,1,5,14,0,3,11,0,0.53,0.0,0,0,22,147,30,290,264,91.03,2,0,4,4,50,3,67,9,8,1,0,0,0,1,,,,
Gabriel Magalhaes,BRA,DF,0,520,1,0,1,0,1,0,0,0.03,0.0,0,0,8,23,8,431,413,95.82,0,0,0,2,50,2,100,1,3,0,0,0,0,0,,,,
Rodrigo De Paul,ARG,MF,0,539,1,1,2,0,0,2,0,0.06,0.0,1,0,11,164,17,327,300,91.74,13,38,2,9,67,1,100,2,5,1,0,0,1,1,,,,
Timothy Castagne,BEL,DF,0,546,1,1,3,0,2,1,1,0.14,0.0,0,0,24,127,24,263,230,87.45,20,35,1,8,75,2,50,7,2,1,0,0,0,1,,,,
Mohamed Hany,EGY,DF,0,546,1,0,4,0,0,4,0,0.09,0.0,0,2,10,90,11,282,245,86.88,17,24,4,9,56,1,100,2,1,0,0,0,0,0,,,,
Ricardo Rodriguez,SUI,DF,0,567,1,0,1,0,0,1,0,0.02,0.0,4,0,24,60,16,295,243,82.37,17,18,1,24,33,4,50,11,2,0,0,0,0,0,,,,
Adrien Rabiot,FRA,MF,0,657,1,1,9,0,4,5,2,0.96,0.0,0,0,14,143,38,351,323,92.02,2,0,2,13,77,1,100,13,4,1,0,0,1,1,,,,
Elliot Anderson,ENG,MF,0,713,1,1,7,0,3,4,2,0.38,0.0,3,0,34,191,60,445,396,88.99,6,50,1,17,71,10,90,9,13,1,0,0,0,1,,,,
Dayot Upamecano,FRA,DF,0,740,1,2,4,0,3,1,2,0.54,0.0,0,0,17,73,32,443,409,92.33,0,0,2,6,67,4,100,7,4,0,0,0,0,0,,,,
Aymeric Laporte,ESP,DF,0,824,1,2,5,0,3,2,3,0.36,0.0,0,0,21,34,4,660,618,93.64,0,0,0,12,58,8,100,5,4,1,0,0,0,1,,,,
Aaron Tshibola,COD,MF,0,0,0,0,0,0,0,0,0,0.0,0.0,0,0,0,0,0,0,0,,0,0,0,0,0,0,0,0,0,0,0,0,0,0,,,,
Achref Abada,ALG,DF,0,0,0,0,0,0,0,0,0,0.0,0.0,0,0,0,0,0,0,0,,0,0,0,0,0,0,0,0,0,0,0,0,0,0,,,,
David Affengruber,AUT,DF,0,0,0,0,0,0,0,0,0,0.0,0.0,0,0,0,0,0,0,0,,0,0,0,0,0,0,0,0,0,0,0,0,0,0,,,,
Aiman Yahya,KSA,FW,0,0,0,0,0,0,0,0,0,0.0,0.0,0,0,0,0,0,0,0,,0,0,0,0,0,0,0,0,0,0,0,0,0,0,,,,
Mohamed Alaa,EGY,GK,0,0,0,0,0,0,0,0,0,0.0,0.0,0,0,0,0,0,0,0,,0,0,0,0,0,0,0,0,0,0,0,0,0,0,0.0,0.0,0.0,0.0
Samet Akaydin,TUR,DF,0,0,0,0,0,0,0,0,0,0.0,0.0,0,0,0,0,0,0,0,,0,0,0,0,0,0,0,0,0,0,0,0,0,0,,,,
Nawaf Alaqidi,KSA,GK,0,0,0,0,0,0,0,0,0,0.0,0.0,0,0,0,0,0,0,0,,0,0,0,0,0,0,0,0,0,0,0,0,0,0,0.0,0.0,0.0,0.0
Abdallah Alfakhori,JOR,GK,0,0,0,0,0,0,0,0,0,0.0,0.0,0,0,0,0,0,0,0,,0,0,0,0,0,0,0,0,0,0,0,0,0,0,0.0,0.0,0.0,0.0
Ziyad Aljohani,KSA,MF,0,0,0,0,0,0,0,0,0,0.0,0.0,0,0,0,0,0,0,0,,0,0,0,0,0,0,0,0,0,0,0,0,0,0,,,,
Ahmed Alkassar,KSA,GK,0,0,0,0,0,0,0,0,0,0.0,0.0,0,0,0,0,0,0,0,,0,0,0,0,0,0,0,0,0,0,0,0,0,0,0.0,0.0,0.0,0.0
Saleh Alshehri,KSA,FW,0,0,0,0,0,0,0,0,0,0.0,0.0,0,0,0,0,0,0,0,,0,0,0,0,0,0,0,0,0,0,0,0,0,0,,,,
Nabil Donga,EGY,MF,0,0,0,0,0,0,0,0,0,0.0,0.0,0,0,0,0,0,0,0,,0,0,0,0,0,0,0,0,0,0,0,0,0,0,,,,
Aurele Amenda,SUI,DF,0,0,0,0,0,0,0,0,0,0.0,0.0,0,0,0,0,0,0,0,,0,0,0,0,0,0,0,0,0,0,0,0,0,0,,,,
Joseph Anang,GHA,GK,0,0,0,0,0,0,0,0,0,0.0,0.0,0,0,0,0,0,0,0,,0,0,0,0,0,0,0,0,0,0,0,0,0,0,0.0,0.0,0.0,0.0
Ronald Araujo,URU,DF,0,0,0,0,0,0,0,0,0,0.0,0.0,0,0,0,0,0,0,0,,0,0,0,0,0,0,0,0,0,0,0,0,0,0,,,,
Jeremy Arevalo,ECU,FW,0,0,0,0,0,0,0,0,0,0.0,0.0,0,0,0,0,0,0,0,,0,0,0,0,0,0,0,0,0,0,0,0,0,0,,,,
Adam Arous,TUN,DF,0,0,0,0,0,0,0,0,0,0.0,0.0,0,0,0,0,0,0,0,,0,0,0,0,0,0,0,0,0,0,0,0,0,0,,,,
Khalil Ayari,TUN,MF,0,0,0,0,0,0,0,0,0,0.0,0.0,0,0,0,0,0,0,0,,0,0,0,0,0,0,0,0,0,0,0,0,0,0,,,,
Christopher Bonsu Baah,GHA,FW,0,0,0,0,0,0,0,0,0,0.0,0.0,0,0,0,0,0,0,0,,0,0,0,0,0,0,0,0,0,0,0,0,0,0,,,,
Anas Badawi,JOR,DF,0,0,0,0,0,0,0,0,0,0.0,0.0,0,0,0,0,0,0,0,,0,0,0,0,0,0,0,0,0,0,0,0,0,0,,,,
Bae Junho,KOR,MF,0,0,0,0,0,0,0,0,0,0.0,0.0,0,0,0,0,0,0,0,,0,0,0,0,0,0,0,0,0,0,0,0,0,0,,,,
Nour Baniateyah,JOR,GK,0,0,0,0,0,0,0,0,0,0.0,0.0,0,0,0,0,0,0,0,,0,0,0,0,0,0,0,0,0,0,0,0,0,0,0.0,0.0,0.0,0.0
Kosta Barbarouses,NZL,FW,0,0,0,0,0,0,0,0,0,0.0,0.0,0,0,0,0,0,0,0,,0,0,0,0,0,0,0,0,0,0,0,0,0,0,,,,
Meshaal Barsham,QAT,GK,0,0,0,0,0,0,0,0,0,0.0,0.0,0,0,0,0,0,0,0,,0,0,0,0,0,0,0,0,0,0,0,0,0,0,0.0,0.0,0.0,0.0
Dylan Batubinsika,COD,DF,0,0,0,0,0,0,0,0,0,0.0,0.0,0,0,0,0,0,0,0,,0,0,0,0,0,0,0,0,0,0,0,0,0,0,,,,
Oliver Baumann,GER,GK,0,0,0,0,0,0,0,0,0,0.0,0.0,0,0,0,0,0,0,0,,0,0,0,0,0,0,0,0,0,0,0,0,0,0,0.0,0.0,0.0,0.0
Altay Bayindir,TUR,GK,0,0,0,0,0,0,0,0,0,0.0,0.0,0,0,0,0,0,0,0,,0,0,0,0,0,0,0,0,0,0,0,0,0,0,0.0,0.0,0.0,0.0
Lachlan Bayliss,NZL,MF,0,0,0,0,0,0,0,0,0,0.0,0.0,0,0,0,0,0,0,0,,0,0,0,0,0,0,0,0,0,0,0,0,0,0,,,,
Youssef Belammari,MAR,DF,0,0,0,0,0,0,0,0,0,0.0,0.0,0,0,0,0,0,0,0,,0,0,0,0,0,0,0,0,0,0,0,0,0,0,,,,
Sabri Ben Hessen,TUN,GK,0,0,0,0,0,0,0,0,0,0.0,0.0,0,0,0,0,0,0,0,,0,0,0,0,0,0,0,0,0,0,0,0,0,0,0.0,0.0,0.0,0.0
Goncalo Inacio,POR,DF,0,0,0,0,0,0,0,0,0,0.0,0.0,0,0,0,0,0,0,0,,0,0,0,0,0,0,0,0,0,0,0,0,0,0,,,,
Augustine Boakye,GHA,MF,0,0,0,0,0,0,0,0,0,0.0,0.0,0,0,0,0,0,0,0,,0,0,0,0,0,0,0,0,0,0,0,0,0,0,,,,
Tyrick Bodak,CUW,GK,0,0,0,0,0,0,0,0,0,0.0,0.0,0,0,0,0,0,0,0,,0,0,0,0,0,0,0,0,0,0,0,0,0,0,0.0,0.0,0.0,0.0
Chris Brady,USA,GK,0,0,0,0,0,0,0,0,0,0.0,0.0,0,0,0,0,0,0,0,,0,0,0,0,0,0,0,0,0,0,0,0,0,0,0.0,0.0,0.0,0.0
Marcio Rosa,CPV,GK,0,0,0,0,0,0,0,0,0,0.0,0.0,0,0,0,0,0,0,0,,0,0,0,0,0,0,0,0,0,0,0,0,0,0,0.0,0.0,0.0,0.0
Santiago Bueno,URU,DF,0,0,0,0,0,0,0,0,0,0.0,0.0,0,0,0,0,0,0,0,,0,0,0,0,0,0,0,0,0,0,0,0,0,0,,,,
Duje Caleta Car,CRO,DF,0,0,0,0,0,0,0,0,0,0.0,0.0,0,0,0,0,0,0,0,,0,0,0,0,0,0,0,0,0,0,0,0,0,0,,,,
Jorge Carrascal,COL,MF,0,0,0,0,0,0,0,0,0,0.0,0.0,0,0,0,0,0,0,0,,0,0,0,0,0,0,0,0,0,0,0,0,0,0,,,,
Adalberto Carrasquilla,PAN,MF,0,0,0,0,0,0,0,0,0,0.0,0.0,0,0,0,0,0,0,0,,0,0,0,0,0,0,0,0,0,0,0,0,0,0,,,,
Denil Castillo,ECU,MF,0,0,0,0,0,0,0,0,0,0.0,0.0,0,0,0,0,0,0,0,,0,0,0,0,0,0,0,0,0,0,0,0,0,0,,,,
Sipho Chaine,RSA,GK,0,0,0,0,0,0,0,0,0,0.0,0.0,0,0,0,0,0,0,0,,0,0,0,0,0,0,0,0,0,0,0,0,0,0,0.0,0.0,0.0,0.0
Roozbeh Cheshmi,IRN,MF,0,0,0,0,0,0,0,0,0,0.0,0.0,0,0,0,0,0,0,0,,0,0,0,0,0,0,0,0,0,0,0,0,0,0,,,,
Raed Chikhaoui,TUN,DF,0,0,0,0,0,0,0,0,0,0.0,0.0,0,0,0,0,0,0,0,,0,0,0,0,0,0,0,0,0,0,0,0,0,0,,,,
Cho Wije,KOR,DF,0,0,0,0,0,0,0,0,0,0.0,0.0,0,0,0,0,0,0,0,,0,0,0,0,0,0,0,0,0,0,0,0,0,0,,,,
Logan Costa,CPV,DF,0,0,0,0,0,0,0,0,0,0.0,0.0,0,0,0,0,0,0,0,,0,0,0,0,0,0,0,0,0,0,0,0,0,0,,,,
Bradley Cross,RSA,DF,0,0,0,0,0,0,0,0,0,0.0,0.0,0,0,0,0,0,0,0,,0,0,0,0,0,0,0,0,0,0,0,0,0,0,,,,
Rui Silva,POR,GK,0,0,0,0,0,0,0,0,0,0.0,0.0,0,0,0,0,0,0,0,,0,0,0,0,0,0,0,0,0,0,0,0,0,0,0.0,0.0,0.0,0.0
Dennis Dargahi,IRN,FW,0,0,0,0,0,0,0,0,0,0.0,0.0,0,0,0,0,0,0,0,,0,0,0,0,0,0,0,0,0,0,0,0,0,0,,,,
Giorgian De Arrascaeta,URU,MF,0,0,0,0,0,0,0,0,0,0.0,0.0,0,0,0,0,0,0,0,,0,0,0,0,0,0,0,0,0,0,0,0,0,0,,,,
Koni De Winter,BEL,DF,0,0,0,0,0,0,0,0,0,0.0,0.0,0,0,0,0,0,0,0,,0,0,0,0,0,0,0,0,0,0,0,0,0,0,,,,
Zeno Debast,BEL,DF,0,0,0,0,0,0,0,0,0,0.0,0.0,0,0,0,0,0,0,0,,0,0,0,0,0,0,0,0,0,0,0,0,0,0,,,,
Milos Degenek,AUS,DF,0,0,0,0,0,0,0,0,0,0.0,0.0,0,0,0,0,0,0,0,,0,0,0,0,0,0,0,0,0,0,0,0,0,0,,,,
Cameron Devlin,AUS,MF,0,0,0,0,0,0,0,0,0,0.0,0.0,0,0,0,0,0,0,0,,0,0,0,0,0,0,0,0,0,0,0,0,0,0,,,,
Yehvann Diouf,SEN,GK,0,0,0,0,0,0,0,0,0,0.0,0.0,0,0,0,0,0,0,0,,0,0,0,0,0,0,0,0,0,0,0,0,0,0,0.0,0.0,0.0,0.0
Willer Ditta,COL,DF,0,0,0,0,0,0,0,0,0,0.0,0.0,0,0,0,0,0,0,0,,0,0,0,0,0,0,0,0,0,0,0,0,0,0,,,,
Trevor Doornbusch,CUW,GK,0,0,0,0,0,0,0,0,0,0.0,0.0,0,0,0,0,0,0,0,,0,0,0,0,0,0,0,0,0,0,0,0,0,0,0.0,0.0,0.0,0.0
Stopira,CPV,DF,0,0,0,0,0,0,0,0,0,0.0,0.0,0,0,0,0,0,0,0,,0,0,0,0,0,0,0,0,0,0,0,0,0,0,,,,
Josue Duverger,HAI,GK,0,0,0,0,0,0,0,0,0,0.0,0.0,0,0,0,0,0,0,0,,0,0,0,0,0,0,0,0,0,0,0,0,0,0,0.0,0.0,0.0,0.0
Hjalmar Ekdal,SWE,DF,0,0,0,0,0,0,0,0,0,0.0,0.0,0,0,0,0,0,0,0,,0,0,0,0,0,0,0,0,0,0,0,0,0,0,,,,
Tarek Alaa,EGY,DF,0,0,0,0,0,0,0,0,0,0.0,0.0,0,0,0,0,0,0,0,,0,0,0,0,0,0,0,0,0,0,0,0,0,0,,,,
Rayan Elloumi,TUN,FW,0,0,0,0,0,0,0,0,0,0.0,0.0,0,0,0,0,0,0,0,,0,0,0,0,0,0,0,0,0,0,0,0,0,0,,,,
Matthieu Epolo,COD,GK,0,0,0,0,0,0,0,0,0,0.0,0.0,0,0,0,0,0,0,0,,0,0,0,0,0,0,0,0,0,0,0,0,0,0,0.0,0.0,0.0,0.0
Botirali Ergashev,UZB,GK,0,0,0,0,0,0,0,0,0,0.0,0.0,0,0,0,0,0,0,0,,0,0,0,0,0,0,0,0,0,0,0,0,0,0,0.0,0.0,0.0,0.0
Martin Erlic,CRO,DF,0,0,0,0,0,0,0,0,0,0.0,0.0,0,0,0,0,0,0,0,,0,0,0,0,0,0,0,0,0,0,0,0,0,0,,,,
Umar Eshmurodov,UZB,DF,0,0,0,0,0,0,0,0,0,0.0,0.0,0,0,0,0,0,0,0,,0,0,0,0,0,0,0,0,0,0,0,0,0,0,,,,
Edgardo Farina,PAN,DF,0,0,0,0,0,0,0,0,0,0.0,0.0,0,0,0,0,0,0,0,,0,0,0,0,0,0,0,0,0,0,0,0,0,0,,,,
Timothy Fayulu,COD,GK,0,0,0,0,0,0,0,0,0,0.0,0.0,0,0,0,0,0,0,0,,0,0,0,0,0,0,0,0,0,0,0,0,0,0,0.0,0.0,0.0,0.0
Kevin Felida,CUW,MF,0,0,0,0,0,0,0,0,0,0.0,0.0,0,0,0,0,0,0,0,,0,0,0,0,0,0,0,0,0,0,0,0,0,0,,,,
Gatito Fernandez,PAR,GK,0,0,0,0,0,0,0,0,0,0.0,0.0,0,0,0,0,0,0,0,,0,0,0,0,0,0,0,0,0,0,0,0,0,0,0.0,0.0,0.0,0.0
Mark Flekken,NED,GK,0,0,0,0,0,0,0,0,0,0.0,0.0,0,0,0,0,0,0,0,,0,0,0,0,0,0,0,0,0,0,0,0,0,0,0.0,0.0,0.0,0.0
Tyler Fletcher,SCO,MF,0,0,0,0,0,0,0,0,0,0.0,0.0,0,0,0,0,0,0,0,,0,0,0,0,0,0,0,0,0,0,0,0,0,0,,,,
Toni Fruk,CRO,MF,0,0,0,0,0,0,0,0,0,0.0,0.0,0,0,0,0,0,0,0,,0,0,0,0,0,0,0,0,0,0,0,0,0,0,,,,
Goncalo Guedes,POR,FW,0,0,0,0,0,0,0,0,0,0.0,0.0,0,0,0,0,0,0,0,,0,0,0,0,0,0,0,0,0,0,0,0,0,0,,,,
Joan Garcia,ESP,GK,0,0,0,0,0,0,0,0,0,0.0,0.0,0,0,0,0,0,0,0,,0,0,0,0,0,0,0,0,0,0,0,0,0,0,0.0,0.0,0.0,0.0
Lutsharel Geertruida,NED,DF,0,0,0,0,0,0,0,0,0,0.0,0.0,0,0,0,0,0,0,0,,0,0,0,0,0,0,0,0,0,0,0,0,0,0,,,,
Jose Maria Gimenez,URU,DF,0,0,0,0,0,0,0,0,0,0.0,0.0,0,0,0,0,0,0,0,,0,0,0,0,0,0,0,0,0,0,0,0,0,0,,,,
Owen Goodman,CAN,GK,0,0,0,0,0,0,0,0,0,0.0,0.0,0,0,0,0,0,0,0,,0,0,0,0,0,0,0,0,0,0,0,0,0,0,0.0,0.0,0.0,0.0
Craig Gordon,SCO,GK,0,0,0,0,0,0,0,0,0,0.0,0.0,0,0,0,0,0,0,0,,0,0,0,0,0,0,0,0,0,0,0,0,0,0,0.0,0.0,0.0,0.0
Ricardo Goss,RSA,GK,0,0,0,0,0,0,0,0,0,0.0,0.0,0,0,0,0,0,0,0,,0,0,0,0,0,0,0,0,0,0,0,0,0,0,0.0,0.0,0.0,0.0
Alex Grimaldo,ESP,DF,0,0,0,0,0,0,0,0,0,0.0,0.0,0,0,0,0,0,0,0,,0,0,0,0,0,0,0,0,0,0,0,0,0,0,,,,
Parfait Guiagon,CIV,MF,0,0,0,0,0,0,0,0,0,0.0,0.0,0,0,0,0,0,0,0,,0,0,0,0,0,0,0,0,0,0,0,0,0,0,,,,
Mert Gunok,TUR,GK,0,0,0,0,0,0,0,0,0,0.0,0.0,0,0,0,0,0,0,0,,0,0,0,0,0,0,0,0,0,0,0,0,0,0,0.0,0.0,0.0,0.0
Rajaei Ayed,JOR,MF,0,0,0,0,0,0,0,0,0,0.0,0.0,0,0,0,0,0,0,0,,0,0,0,0,0,0,0,0,0,0,0,0,0,0,,,,
Salah Zakaria,QAT,GK,0,0,0,0,0,0,0,0,0,0.0,0.0,0,0,0,0,0,0,0,,0,0,0,0,0,0,0,0,0,0,0,0,0,0,0.0,0.0,0.0,0.0
Lucas Hernandez,FRA,DF,0,0,0,0,0,0,0,0,0,0.0,0.0,0,0,0,0,0,0,0,,0,0,0,0,0,0,0,0,0,0,0,0,0,0,,,,
George Hirst,SCO,FW,0,0,0,0,0,0,0,0,0,0.0,0.0,0,0,0,0,0,0,0,,0,0,0,0,0,0,0,0,0,0,0,0,0,0,,,,
Lukas Hornicek,CZE,GK,0,0,0,0,0,0,0,0,0,0.0,0.0,0,0,0,0,0,0,0,,0,0,0,0,0,0,0,0,0,0,0,0,0,0,0.0,0.0,0.0,0.0
Hossein Hosseini,IRN,GK,0,0,0,0,0,0,0,0,0,0.0,0.0,0,0,0,0,0,0,0,,0,0,0,0,0,0,0,0,0,0,0,0,0,0,0.0,0.0,0.0,0.0
Dominic Hyam,SCO,DF,0,0,0,0,0,0,0,0,0,0.0,0.0,0,0,0,0,0,0,0,,0,0,0,0,0,0,0,0,0,0,0,0,0,0,,,,
Mahdy Soliman,EGY,GK,0,0,0,0,0,0,0,0,0,0.0,0.0,0,0,0,0,0,0,0,,0,0,0,0,0,0,0,0,0,0,0,0,0,0,0.0,0.0,0.0,0.0
Danial Iri,IRN,DF,0,0,0,0,0,0,0,0,0,0.0,0.0,0,0,0,0,0,0,0,,0,0,0,0,0,0,0,0,0,0,0,0,0,0,,,,
Paul Izzo,AUS,GK,0,0,0,0,0,0,0,0,0,0.0,0.0,0,0,0,0,0,0,0,,0,0,0,0,0,0,0,0,0,0,0,0,0,0,0.0,0.0,0.0,0.0
Kristijan Jakic,CRO,DF,0,0,0,0,0,0,0,0,0,0.0,0.0,0,0,0,0,0,0,0,,0,0,0,0,0,0,0,0,0,0,0,0,0,0,,,,
Tahsin Mohammed,QAT,FW,0,0,0,0,0,0,0,0,0,0.0,0.0,0,0,0,0,0,0,0,,0,0,0,0,0,0,0,0,0,0,0,0,0,0,,,,
Jo Hyeonwoo,KOR,GK,0,0,0,0,0,0,0,0,0,0.0,0.0,0,0,0,0,0,0,0,,0,0,0,0,0,0,0,0,0,0,0,0,0,0,0.0,0.0,0.0,0.0
Viktor Johansson,SWE,GK,0,0,0,0,0,0,0,0,0,0.0,0.0,0,0,0,0,0,0,0,,0,0,0,0,0,0,0,0,0,0,0,0,0,0,0.0,0.0,0.0,0.0
Herman Johansson,SWE,DF,0,0,0,0,0,0,0,0,0,0.0,0.0,0,0,0,0,0,0,0,,0,0,0,0,0,0,0,0,0,0,0,0,0,0,,,,
Alfie Jones,CAN,DF,0,0,0,0,0,0,0,0,0,0.0,0.0,0,0,0,0,0,0,0,,0,0,0,0,0,0,0,0,0,0,0,0,0,0,,,,
David Jurasek,CZE,DF,0,0,0,0,0,0,0,0,0,0.0,0.0,0,0,0,0,0,0,0,,0,0,0,0,0,0,0,0,0,0,0,0,0,0,,,,
Mladen Jurkas,BIH,GK,0,0,0,0,0,0,0,0,0,0.0,0.0,0,0,0,0,0,0,0,,0,0,0,0,0,0,0,0,0,0,0,0,0,0,0.0,0.0,0.0,0.0
Samukele Kabini,RSA,DF,0,0,0,0,0,0,0,0,0,0.0,0.0,0,0,0,0,0,0,0,,0,0,0,0,0,0,0,0,0,0,0,0,0,0,,,,
Gael Kakuta,COD,FW,0,0,0,0,0,0,0,0,0,0.0,0.0,0,0,0,0,0,0,0,,0,0,0,0,0,0,0,0,0,0,0,0,0,0,,,,
Ngolo Kante,FRA,MF,0,0,0,0,0,0,0,0,0,0.0,0.0,0,0,0,0,0,0,0,,0,0,0,0,0,0,0,0,0,0,0,0,0,0,,,,
Marvin Keller,SUI,GK,0,0,0,0,0,0,0,0,0,0.0,0.0,0,0,0,0,0,0,0,,0,0,0,0,0,0,0,0,0,0,0,0,0,0,0.0,0.0,0.0,0.0
Liam Kelly,SCO,GK,0,0,0,0,0,0,0,0,0,0.0,0.0,0,0,0,0,0,0,0,,0,0,0,0,0,0,0,0,0,0,0,0,0,0,0.0,0.0,0.0,0.0
Kim Taehyeon,KOR,DF,0,0,0,0,0,0,0,0,0,0.0,0.0,0,0,0,0,0,0,0,,0,0,0,0,0,0,0,0,0,0,0,0,0,0,,,,
Mohamed Kone,CIV,GK,0,0,0,0,0,0,0,0,0,0.0,0.0,0,0,0,0,0,0,0,,0,0,0,0,0,0,0,0,0,0,0,0,0,0,0.0,0.0,0.0,0.0
Dominik Kotarski,CRO,GK,0,0,0,0,0,0,0,0,0,0.0,0.0,0,0,0,0,0,0,0,,0,0,0,0,0,0,0,0,0,0,0,0,0,0,0.0,0.0,0.0,0.0
Jan Kuchta,CZE,FW,0,0,0,0,0,0,0,0,0,0.0,0.0,0,0,0,0,0,0,0,,0,0,0,0,0,0,0,0,0,0,0,0,0,0,,,,
Markhus Lacroix,HAI,DF,0,0,0,0,0,0,0,0,0,0.0,0.0,0,0,0,0,0,0,0,,0,0,0,0,0,0,0,0,0,0,0,0,0,0,,,,
Lee Donggyeong,KOR,MF,0,0,0,0,0,0,0,0,0,0.0,0.0,0,0,0,0,0,0,0,,0,0,0,0,0,0,0,0,0,0,0,0,0,0,,,,
Dejan Ljubicic,AUT,MF,0,0,0,0,0,0,0,0,0,0.0,0.0,0,0,0,0,0,0,0,,0,0,0,0,0,0,0,0,0,0,0,0,0,0,,,,
Hassan Kadish,KSA,DF,0,0,0,0,0,0,0,0,0,0.0,0.0,0,0,0,0,0,0,0,,0,0,0,0,0,0,0,0,0,0,0,0,0,0,,,,
Kobbie Mainoo,ENG,MF,0,0,0,0,0,0,0,0,0,0.0,0.0,0,0,0,0,0,0,0,,0,0,0,0,0,0,0,0,0,0,0,0,0,0,,,,
Ali Majrashi,KSA,DF,0,0,0,0,0,0,0,0,0,0.0,0.0,0,0,0,0,0,0,0,,0,0,0,0,0,0,0,0,0,0,0,0,0,0,,,,
Olwethu Makhanya,RSA,DF,0,0,0,0,0,0,0,0,0,0.0,0.0,0,0,0,0,0,0,0,,0,0,0,0,0,0,0,0,0,0,0,0,0,0,,,,
Jose Sa,POR,GK,0,0,0,0,0,0,0,0,0,0.0,0.0,0,0,0,0,0,0,0,,0,0,0,0,0,0,0,0,0,0,0,0,0,0,0.0,0.0,0.0,0.0
Arjany Martha,CUW,MF,0,0,0,0,0,0,0,0,0,0.0,0.0,0,0,0,0,0,0,0,,0,0,0,0,0,0,0,0,0,0,0,0,0,0,,,,
Emiliano Martinez,URU,MF,0,0,0,0,0,0,0,0,0,0.0,0.0,0,0,0,0,0,0,0,,0,0,0,0,0,0,0,0,0,0,0,0,0,0,,,,
Melvin Mastil,ALG,GK,0,0,0,0,0,0,0,0,0,0.0,0.0,0,0,0,0,0,0,0,,0,0,0,0,0,0,0,0,0,0,0,0,0,0,0.0,0.0,0.0,0.0
Thabang Matuludi,RSA,DF,0,0,0,0,0,0,0,0,0,0.0,0.0,0,0,0,0,0,0,0,,0,0,0,0,0,0,0,0,0,0,0,0,0,0,,,,
Luis Mejia,PAN,GK,0,0,0,0,0,0,0,0,0,0.0,0.0,0,0,0,0,0,0,0,,0,0,0,0,0,0,0,0,0,0,0,0,0,0,0.0,0.0,0.0,0.0
Santiago Mele,URU,GK,0,0,0,0,0,0,0,0,0,0.0,0.0,0,0,0,0,0,0,0,,0,0,0,0,0,0,0,0,0,0,0,0,0,0,0.0,0.0,0.0,0.0
Antoine Mendy,SEN,DF,0,0,0,0,0,0,0,0,0,0.0,0.0,0,0,0,0,0,0,0,,0,0,0,0,0,0,0,0,0,0,0,0,0,0,,,,
Garven Metusala,HAI,DF,0,0,0,0,0,0,0,0,0,0.0,0.0,0,0,0,0,0,0,0,,0,0,0,0,0,0,0,0,0,0,0,0,0,0,,,,
Roderick Miller,PAN,DF,0,0,0,0,0,0,0,0,0,0.0,0.0,0,0,0,0,0,0,0,,0,0,0,0,0,0,0,0,0,0,0,0,0,0,,,,
Alvaro Montero,COL,GK,0,0,0,0,0,0,0,0,0,0.0,0.0,0,0,0,0,0,0,0,,0,0,0,0,0,0,0,0,0,0,0,0,0,0,0.0,0.0,0.0,0.0
Nikola Moro,CRO,MF,0,0,0,0,0,0,0,0,0,0.0,0.0,0,0,0,0,0,0,0,,0,0,0,0,0,0,0,0,0,0,0,0,0,0,,,,
Nihad Mujakic,BIH,DF,0,0,0,0,0,0,0,0,0,0.0,0.0,0,0,0,0,0,0,0,,0,0,0,0,0,0,0,0,0,0,0,0,0,0,,,,
Victor Munoz,ESP,FW,0,0,0,0,0,0,0,0,0,0.0,0.0,0,0,0,0,0,0,0,,0,0,0,0,0,0,0,0,0,0,0,0,0,0,,,,
Mohammed Muntari,QAT,FW,0,0,0,0,0,0,0,0,0,0.0,0.0,0,0,0,0,0,0,0,,0,0,0,0,0,0,0,0,0,0,0,0,0,0,,,,
Khulumani Ndamane,RSA,DF,0,0,0,0,0,0,0,0,0,0.0,0.0,0,0,0,0,0,0,0,,0,0,0,0,0,0,0,0,0,0,0,0,0,0,,,,
Cherif Ndiaye,SEN,FW,0,0,0,0,0,0,0,0,0,0.0,0.0,0,0,0,0,0,0,0,,0,0,0,0,0,0,0,0,0,0,0,0,0,0,,,,
Evan Ndicka,CIV,DF,0,0,0,0,0,0,0,0,0,0.0,0.0,0,0,0,0,0,0,0,,0,0,0,0,0,0,0,0,0,0,0,0,0,0,,,,
Moutaz Neffati,TUN,DF,0,0,0,0,0,0,0,0,0,0.0,0.0,0,0,0,0,0,0,0,,0,0,0,0,0,0,0,0,0,0,0,0,0,0,,,,
Payam Niazmand,IRN,GK,0,0,0,0,0,0,0,0,0,0.0,0.0,0,0,0,0,0,0,0,,0,0,0,0,0,0,0,0,0,0,0,0,0,0,0.0,0.0,0.0,0.0
Alexander Nuebel,GER,GK,0,0,0,0,0,0,0,0,0,0.0,0.0,0,0,0,0,0,0,0,,0,0,0,0,0,0,0,0,0,0,0,0,0,0,0.0,0.0,0.0,0.0
Gaston Olveira,PAR,GK,0,0,0,0,0,0,0,0,0,0.0,0.0,0,0,0,0,0,0,0,,0,0,0,0,0,0,0,0,0,0,0,0,0,0,0.0,0.0,0.0,0.0
Keisuke Osako,JPN,GK,0,0,0,0,0,0,0,0,0,0.0,0.0,0,0,0,0,0,0,0,,0,0,0,0,0,0,0,0,0,0,0,0,0,0,0.0,0.0,0.0,0.0
David Ospina,COL,GK,0,0,0,0,0,0,0,0,0,0.0,0.0,0,0,0,0,0,0,0,,0,0,0,0,0,0,0,0,0,0,0,0,0,0,0.0,0.0,0.0,0.0
Assan Ouedraogo,GER,MF,0,0,0,0,0,0,0,0,0,0.0,0.0,0,0,0,0,0,0,0,,0,0,0,0,0,0,0,0,0,0,0,0,0,0,,,,
Ivor Pandur,CRO,GK,0,0,0,0,0,0,0,0,0,0.0,0.0,0,0,0,0,0,0,0,,0,0,0,0,0,0,0,0,0,0,0,0,0,0,0.0,0.0,0.0,0.0
Wilguens Paugain,HAI,DF,0,0,0,0,0,0,0,0,0,0.0,0.0,0,0,0,0,0,0,0,,0,0,0,0,0,0,0,0,0,0,0,0,0,0,,,,
Alex Paulsen,NZL,GK,0,0,0,0,0,0,0,0,0,0.0,0.0,0,0,0,0,0,0,0,,0,0,0,0,0,0,0,0,0,0,0,0,0,0,0.0,0.0,0.0,0.0
Facundo Pellistri,URU,FW,0,0,0,0,0,0,0,0,0,0.0,0.0,0,0,0,0,0,0,0,,0,0,0,0,0,0,0,0,0,0,0,0,0,0,,,,
Patrick Pentz,AUT,GK,0,0,0,0,0,0,0,0,0,0.0,0.0,0,0,0,0,0,0,0,,0,0,0,0,0,0,0,0,0,0,0,0,0,0,0.0,0.0,0.0,0.0
Leo Pereira,BRA,DF,0,0,0,0,0,0,0,0,0,0.0,0.0,0,0,0,0,0,0,0,,0,0,0,0,0,0,0,0,0,0,0,0,0,0,,,,
Alexandre Pierre,HAI,GK,0,0,0,0,0,0,0,0,0,0.0,0.0,0,0,0,0,0,0,0,,0,0,0,0,0,0,0,0,0,0,0,0,0,0,0.0,0.0,0.0,0.0
Woodensky Pierre,HAI,MF,0,0,0,0,0,0,0,0,0,0.0,0.0,0,0,0,0,0,0,0,,0,0,0,0,0,0,0,0,0,0,0,0,0,0,,,,
Nando Pijnaker,NZL,DF,0,0,0,0,0,0,0,0,0,0.0,0.0,0,0,0,0,0,0,0,,0,0,0,0,0,0,0,0,0,0,0,0,0,0,,,,
Joaquin Piquerez,URU,MF,0,0,0,0,0,0,0,0,0,0.0,0.0,0,0,0,0,0,0,0,,0,0,0,0,0,0,0,0,0,0,0,0,0,0,,,,
Juan Portilla,COL,MF,0,0,0,0,0,0,0,0,0,0.0,0.0,0,0,0,0,0,0,0,,0,0,0,0,0,0,0,0,0,0,0,0,0,0,,,,
Fahad Talib,IRQ,GK,0,0,0,0,0,0,0,0,0,0.0,0.0,0,0,0,0,0,0,0,,0,0,0,0,0,0,0,0,0,0,0,0,0,0,0.0,0.0,0.0,0.0
Moises Ramirez,ECU,GK,0,0,0,0,0,0,0,0,0,0.0,0.0,0,0,0,0,0,0,0,,0,0,0,0,0,0,0,0,0,0,0,0,0,0,0.0,0.0,0.0,0.0
David Raya,ESP,GK,0,0,0,0,0,0,0,0,0,0.0,0.0,0,0,0,0,0,0,0,,0,0,0,0,0,0,0,0,0,0,0,0,0,0,0.0,0.0,0.0,0.0
Amirmohammad Razaghinia,IRN,MF,0,0,0,0,0,0,0,0,0,0.0,0.0,0,0,0,0,0,0,0,,0,0,0,0,0,0,0,0,0,0,0,0,0,0,,,,
Robin Roefs,NED,GK,0,0,0,0,0,0,0,0,0,0.0,0.0,0,0,0,0,0,0,0,,0,0,0,0,0,0,0,0,0,0,0,0,0,0,0.0,0.0,0.0,0.0
Logan Rogerson,NZL,FW,0,0,0,0,0,0,0,0,0,0.0,0.0,0,0,0,0,0,0,0,,0,0,0,0,0,0,0,0,0,0,0,0,0,0,,,,
Cristian Roldan,USA,MF,0,0,0,0,0,0,0,0,0,0.0,0.0,0,0,0,0,0,0,0,,0,0,0,0,0,0,0,0,0,0,0,0,0,0,,,,
Alex Rufer,NZL,MF,0,0,0,0,0,0,0,0,0,0.0,0.0,0,0,0,0,0,0,0,,0,0,0,0,0,0,0,0,0,0,0,0,0,0,,,,
Geronimo Rulli,ARG,GK,0,0,0,0,0,0,0,0,0,0.0,0.0,0,0,0,0,0,0,0,,0,0,0,0,0,0,0,0,0,0,0,0,0,0,0.0,0.0,0.0,0.0
Ibrahim Sadeh,JOR,MF,0,0,0,0,0,0,0,0,0,0.0,0.0,0,0,0,0,0,0,0,,0,0,0,0,0,0,0,0,0,0,0,0,0,0,,,,
Carl Sainte,HAI,MF,0,0,0,0,0,0,0,0,0,0.0,0.0,0,0,0,0,0,0,0,,0,0,0,0,0,0,0,0,0,0,0,0,0,0,,,,
Brice Samba,FRA,GK,0,0,0,0,0,0,0,0,0,0.0,0.0,0,0,0,0,0,0,0,,0,0,0,0,0,0,0,0,0,0,0,0,0,0,0.0,0.0,0.0,0.0
Cesar Samudio,PAN,GK,0,0,0,0,0,0,0,0,0,0.0,0.0,0,0,0,0,0,0,0,,0,0,0,0,0,0,0,0,0,0,0,0,0,0,0.0,0.0,0.0,0.0
Ederson,BRA,GK,0,0,0,0,0,0,0,0,0,0.0,0.0,0,0,0,0,0,0,0,,0,0,0,0,0,0,0,0,0,0,0,0,0,0,0.0,0.0,0.0,0.0
Mamadou Sarr,SEN,DF,0,0,0,0,0,0,0,0,0,0.0,0.0,0,0,0,0,0,0,0,,0,0,0,0,0,0,0,0,0,0,0,0,0,0,,,,
Alessandro Schoepf,AUT,MF,0,0,0,0,0,0,0,0,0,0.0,0.0,0,0,0,0,0,0,0,,0,0,0,0,0,0,0,0,0,0,0,0,0,0,,,,
Bremer,BRA,DF,0,0,0,0,0,0,0,0,0,0.0,0.0,0,0,0,0,0,0,0,,0,0,0,0,0,0,0,0,0,0,0,0,0,0,,,,
Eric Smith,SWE,DF,0,0,0,0,0,0,0,0,0,0.0,0.0,0,0,0,0,0,0,0,,0,0,0,0,0,0,0,0,0,0,0,0,0,0,,,,
Hugo Sochurek,CZE,MF,0,0,0,0,0,0,0,0,0,0.0,0.0,0,0,0,0,0,0,0,,0,0,0,0,0,0,0,0,0,0,0,0,0,0,,,,
Song Bumkeun,KOR,GK,0,0,0,0,0,0,0,0,0,0.0,0.0,0,0,0,0,0,0,0,,0,0,0,0,0,0,0,0,0,0,0,0,0,0,0.0,0.0,0.0,0.0
John Souttar,SCO,DF,0,0,0,0,0,0,0,0,0,0.0,0.0,0,0,0,0,0,0,0,,0,0,0,0,0,0,0,0,0,0,0,0,0,0,,,,
Kelvin Pires,CPV,DF,0,0,0,0,0,0,0,0,0,0.0,0.0,0,0,0,0,0,0,0,,0,0,0,0,0,0,0,0,0,0,0,0,0,0,,,,
Dayne St Clair,CAN,GK,0,0,0,0,0,0,0,0,0,0.0,0.0,0,0,0,0,0,0,0,,0,0,0,0,0,0,0,0,0,0,0,0,0,0,0.0,0.0,0.0,0.0
Jindrich Stanek,CZE,GK,0,0,0,0,0,0,0,0,0,0.0,0.0,0,0,0,0,0,0,0,,0,0,0,0,0,0,0,0,0,0,0,0,0,0,0.0,0.0,0.0,0.0
Abdul Mumin,GHA,DF,0,0,0,0,0,0,0,0,0,0.0,0.0,0,0,0,0,0,0,0,,0,0,0,0,0,0,0,0,0,0,0,0,0,0,,,,
Michael Svoboda,AUT,DF,0,0,0,0,0,0,0,0,0,0.0,0.0,0,0,0,0,0,0,0,,0,0,0,0,0,0,0,0,0,0,0,0,0,0,,,,
Ahmed Reda Tagnaouti,MAR,GK,0,0,0,0,0,0,0,0,0,0.0,0.0,0,0,0,0,0,0,0,,0,0,0,0,0,0,0,0,0,0,0,0,0,0,0.0,0.0,0.0,0.0
Mohammad Abughoush,JOR,MF,0,0,0,0,0,0,0,0,0,0.0,0.0,0,0,0,0,0,0,0,,0,0,0,0,0,0,0,0,0,0,0,0,0,0,,,,
Sander Tangvik,NOR,GK,0,0,0,0,0,0,0,0,0,0.0,0.0,0,0,0,0,0,0,0,,0,0,0,0,0,0,0,0,0,0,0,0,0,0,0.0,0.0,0.0,0.0
Keeto Thermoncy,HAI,DF,0,0,0,0,0,0,0,0,0,0.0,0.0,0,0,0,0,0,0,0,,0,0,0,0,0,0,0,0,0,0,0,0,0,0,,,,
Jehad Thikri,KSA,DF,0,0,0,0,0,0,0,0,0,0.0,0.0,0,0,0,0,0,0,0,,0,0,0,0,0,0,0,0,0,0,0,0,0,0,,,,
Yassine Titraoui,ALG,MF,0,0,0,0,0,0,0,0,0,0.0,0.0,0,0,0,0,0,0,0,,0,0,0,0,0,0,0,0,0,0,0,0,0,0,,,,
Mohamed Amine Tougai,ALG,DF,0,0,0,0,0,0,0,0,0,0.0,0.0,0,0,0,0,0,0,0,,0,0,0,0,0,0,0,0,0,0,0,0,0,0,,,,
James Trafford,ENG,GK,0,0,0,0,0,0,0,0,0,0.0,0.0,0,0,0,0,0,0,0,,0,0,0,0,0,0,0,0,0,0,0,0,0,0,0.0,0.0,0.0,0.0
Avazbek Ulmasaliyev,UZB,DF,0,0,0,0,0,0,0,0,0,0.0,0.0,0,0,0,0,0,0,0,,0,0,0,0,0,0,0,0,0,0,0,0,0,0,,,,
Anthony Valencia,ECU,MF,0,0,0,0,0,0,0,0,0,0.0,0.0,0,0,0,0,0,0,0,,0,0,0,0,0,0,0,0,0,0,0,0,0,0,,,,
Gonzalo Valle,ECU,GK,0,0,0,0,0,0,0,0,0,0.0,0.0,0,0,0,0,0,0,0,,0,0,0,0,0,0,0,0,0,0,0,0,0,0,0.0,0.0,0.0,0.0
Ben Waine,NZL,FW,0,0,0,0,0,0,0,0,0,0.0,0.0,0,0,0,0,0,0,0,,0,0,0,0,0,0,0,0,0,0,0,0,0,0,,,,
Joel Waterman,CAN,DF,0,0,0,0,0,0,0,0,0,0.0,0.0,0,0,0,0,0,0,0,,0,0,0,0,0,0,0,0,0,0,0,0,0,0,,,,
Mats Wieffer,NED,DF,0,0,0,0,0,0,0,0,0,0.0,0.0,0,0,0,0,0,0,0,,0,0,0,0,0,0,0,0,0,0,0,0,0,0,,,,
Florian Wiegele,AUT,GK,0,0,0,0,0,0,0,0,0,0.0,0.0,0,0,0,0,0,0,0,,0,0,0,0,0,0,0,0,0,0,0,0,0,0,0.0,0.0,0.0,0.0
Michael Woud,NZL,GK,0,0,0,0,0,0,0,0,0,0.0,0.0,0,0,0,0,0,0,0,,0,0,0,0,0,0,0,0,0,0,0,0,0,0,0.0,0.0,0.0,0.0
Cesar Yanis,PAN,MF,0,0,0,0,0,0,0,0,0,0.0,0.0,0,0,0,0,0,0,0,,0,0,0,0,0,0,0,0,0,0,0,0,0,0,,,,
Rodrigo Zalazar,URU,MF,0,0,0,0,0,0,0,0,0,0.0,0.0,0,0,0,0,0,0,0,,0,0,0,0,0,0,0,0,0,0,0,0,0,0,,,,
Martin Zlomislic,BIH,GK,0,0,0,0,0,0,0,0,0,0.0,0.0,0,0,0,0,0,0,0,,0,0,0,0,0,0,0,0,0,0,0,0,0,0,0.0,0.0,0.0,0.0
Fabian Balbuena,PAR,DF,0,0,0,0,0,0,0,0,0,0.0,0.0,0,0,0,0,0,0,0,,0,0,0,0,0,0,0,0,0,0,0,0,0,0,,,,
Baba Rahman,GHA,DF,0,1,0,0,0,0,0,0,0,0.0,0.0,0,0,0,0,0,0,0,,0,0,0,0,0,0,0,0,0,0,0,0,0,0,,,,
Borja Iglesias,ESP,FW,0,1,0,0,0,0,0,0,0,0.0,0.0,0,0,0,4,0,0,0,,0,0,0,0,0,0,0,0,0,0,0,0,0,0,,,,
Marcus Thuram,FRA,FW,0,2,0,0,0,0,0,0,0,0.0,0.0,0,0,0,0,0,0,0,,0,0,0,0,0,0,0,0,0,0,0,0,0,0,,,,
Mathew Ryan,AUS,GK,0,2,0,0,0,0,0,0,0,0.0,0.0,0,0,0,0,0,0,0,,0,0,0,0,0,0,0,0,0,0,0,0,0,0,0.0,0.0,0.0,0.0
Max Arfsten,USA,DF,0,2,0,0,0,0,0,0,0,0.0,0.0,0,0,0,0,0,0,0,,0,0,0,0,0,0,0,0,0,0,0,0,0,0,,,,
Yerry Mina,COL,DF,0,2,0,0,0,0,0,0,0,0.0,0.0,0,0,0,1,1,3,3,100.0,0,0,0,0,0,0,0,0,1,0,0,0,0,0,,,,
Fares Ghedjemis,ALG,FW,0,2,0,0,0,0,0,0,0,0.0,0.0,0,0,0,2,0,0,0,,0,0,0,0,0,0,0,0,0,0,0,0,0,0,,,,
Sherzod Esanov,UZB,MF,0,3,0,0,0,0,0,0,0,0.0,0.0,0,0,0,2,0,1,1,100.0,0,0,0,0,0,0,0,0,0,0,0,0,0,0,,,,
Marc Pubill,ESP,DF,0,3,0,0,0,0,0,0,0,0.0,0.0,0,0,0,0,0,2,2,100.0,0,0,0,0,0,0,0,0,0,0,0,0,0,0,,,,
Matheus Nunes,POR,MF,0,4,0,0,0,0,0,0,0,0.0,0.0,0,0,0,0,0,1,1,100.0,0,0,0,0,0,0,0,0,0,0,0,0,0,0,,,,
Haji Wright,USA,FW,0,4,0,0,0,0,0,0,0,0.0,0.0,0,0,0,0,0,1,1,100.0,0,0,0,0,0,0,0,0,0,0,0,0,1,0,,,,
Gustaf Nilsson,SWE,FW,0,5,0,0,1,0,1,0,1,0.01,0.0,0,0,0,3,0,2,1,50.0,0,0,0,0,0,0,0,0,0,0,0,0,0,0,,,,
Trevoh Chalobah,ENG,DF,0,6,0,0,0,0,0,0,0,0.0,0.0,0,0,0,1,0,0,0,,0,0,0,0,0,0,0,0,0,0,0,0,0,0,,,,
Brandley Kuwas,CUW,FW,0,6,0,0,0,0,0,0,0,0.0,0.0,0,0,0,2,0,4,3,75.0,1,0,0,1,0,0,0,0,0,0,0,0,0,0,,,,
Shurandy Sambo,CUW,DF,0,6,0,0,0,0,0,0,0,0.0,0.0,0,0,0,0,0,3,3,100.0,0,0,0,0,0,0,0,0,0,0,0,0,0,0,,,,
Ibrahim Adel,EGY,FW,0,7,0,0,0,0,0,0,0,0.0,0.0,0,0,2,4,2,6,4,66.67,0,0,0,2,100,0,0,0,0,0,0,0,0,0,,,,
Irfan Can Kahveci,TUR,FW,0,7,0,0,0,0,0,0,0,0.0,0.0,0,0,0,4,1,2,2,100.0,0,0,0,0,0,0,0,0,0,0,0,0,0,0,,,,
Ross Stewart,SCO,FW,0,7,0,0,0,0,0,0,0,0.0,0.0,0,0,0,5,0,0,0,,0,0,0,0,0,0,0,0,0,0,0,0,0,0,,,,
Andres Gomez,COL,FW,0,7,0,0,0,0,0,0,0,0.0,0.0,0,0,0,1,1,0,0,,0,0,0,0,0,0,0,0,0,0,0,0,0,0,,,,
Rodrigo Aguirre,URU,FW,0,8,0,0,0,0,0,0,0,0.0,0.0,0,0,0,0,0,1,0,0.0,0,0,0,0,0,0,0,0,0,0,0,0,0,0,,,,
Khalid Alghannam,KSA,FW,0,8,0,0,0,0,0,0,0,0.0,0.0,0,0,0,6,0,0,0,,0,0,0,0,0,0,0,0,0,0,0,0,0,0,,,,
Alberto Quintero,PAN,MF,0,8,0,0,0,0,0,0,0,0.0,0.0,0,0,0,1,0,3,3,100.0,1,0,0,0,0,0,0,1,0,0,0,0,0,0,,,,
Maghnes Akliouche,FRA,MF,0,10,0,0,0,0,0,0,0,0.0,0.0,0,0,0,8,2,7,5,71.43,2,0,0,0,0,0,0,0,0,0,0,0,0,0,,,,
Carl Starfelt,SWE,DF,0,10,0,0,0,0,0,0,0,0.0,0.0,0,0,0,0,0,12,11,91.67,0,0,0,0,0,0,0,0,0,0,0,0,0,0,,,,
Gedeon Kalulu,COD,DF,0,10,0,0,0,0,0,0,0,0.0,0.0,0,0,0,3,3,6,5,83.33,0,0,0,1,0,0,0,0,0,0,0,0,0,0,,,,
Marten De Roon,NED,MF,0,11,0,0,0,0,0,0,0,0.0,0.0,0,0,0,1,0,1,1,100.0,0,0,0,0,0,0,0,0,0,0,0,0,0,0,,,,
Anibal Godoy,PAN,MF,0,11,0,0,0,0,0,0,0,0.0,0.0,0,0,0,2,1,8,8,100.0,1,0,0,1,100,1,0,0,1,0,0,0,0,0,,,,
Keisuke Goto,JPN,FW,0,11,0,0,0,0,0,0,0,0.0,0.0,0,0,1,6,3,1,1,100.0,0,0,0,1,100,0,0,0,1,0,0,0,0,0,,,,
Mohammad Abuzraiq,JOR,FW,0,12,0,0,0,0,0,0,0,0.0,0.0,0,0,0,10,3,5,4,80.0,0,0,0,0,0,0,0,1,0,1,0,0,0,1,,,,
Godfried Roemeratoe,CUW,MF,0,12,0,0,0,0,0,0,0,0.0,0.0,0,0,0,4,0,3,1,33.33,0,0,0,0,0,0,0,0,0,0,0,0,0,0,,,,
Jordan Henderson,ENG,MF,0,12,0,0,0,0,0,0,0,0.0,0.0,1,0,0,4,0,13,12,92.31,1,0,0,0,0,0,0,0,1,1,0,0,0,1,,,,
Christian Fassnacht,SUI,FW,0,12,0,0,0,0,0,0,0,0.0,0.0,0,0,0,8,2,5,5,100.0,0,0,0,0,0,0,0,0,0,0,0,0,0,0,,,,
Jens Petter Hauge,NOR,MF,0,12,0,0,0,0,0,0,0,0.0,0.0,0,0,0,11,2,3,2,66.67,0,0,0,0,0,0,0,0,0,0,0,0,0,0,,,,
Amir Hadziahmetovic,BIH,MF,0,12,0,0,0,0,0,0,0,0.0,0.0,1,0,0,4,0,3,3,100.0,1,0,0,0,0,0,0,0,0,0,0,0,0,0,,,,
Mojmir Chytil,CZE,FW,0,12,0,0,0,0,0,0,0,0.0,0.0,0,0,1,4,1,2,2,100.0,0,0,0,1,100,0,0,1,0,0,0,0,0,0,,,,
Jayden Nelson,CAN,FW,0,12,0,0,1,0,0,1,0,0.07,0.0,0,0,1,2,0,8,6,75.0,0,0,2,0,0,0,0,0,0,0,0,0,0,0,,,,
Cesar Huerta,MEX,FW,0,12,0,0,0,0,0,0,0,0.0,0.0,0,0,0,4,1,2,2,100.0,0,0,0,0,0,0,0,0,0,0,0,0,0,0,,,,
Kento Shiogai,JPN,FW,0,12,0,0,0,0,0,0,0,0.0,0.0,0,0,0,6,2,1,1,100.0,0,0,0,0,0,0,0,0,0,0,0,0,0,0,,,,
Felix Torres,ECU,DF,0,12,0,0,0,0,0,0,0,0.0,0.0,0,0,0,1,1,0,0,,0,0,0,0,0,0,0,0,0,0,0,0,0,0,,,,
Lucas Mendes,QAT,DF,0,13,0,0,0,0,0,0,0,0.0,0.0,0,0,1,5,1,0,0,,0,0,0,0,0,0,0,0,0,0,0,0,1,0,,,,
Mohammad Abuhasheesh,JOR,DF,0,13,0,0,0,0,0,0,0,0.0,0.0,0,0,0,7,2,3,3,100.0,0,0,0,0,0,0,0,0,0,0,0,0,0,0,,,,
Kamogelo Sebelebele,RSA,FW,0,13,0,0,0,0,0,0,0,0.0,0.0,0,0,1,4,0,5,4,80.0,1,0,0,0,0,0,0,1,0,0,0,0,0,0,,,,
Yassin Fortune,HAI,FW,0,13,0,0,0,0,0,0,0,0.0,0.0,0,0,0,0,0,5,5,100.0,0,0,0,0,0,0,0,0,1,0,0,0,0,0,,,,
Derrick Etienne,HAI,FW,0,14,0,0,0,0,0,0,0,0.0,0.0,1,0,0,2,0,8,4,50.0,2,50,0,2,0,0,0,0,0,0,0,0,0,0,,,,
Eric Davis,PAN,DF,0,14,0,0,1,0,0,1,0,0.0,0.0,2,0,1,1,1,7,3,42.86,3,33,0,2,0,0,0,0,1,0,0,0,0,0,,,,
Alex Sandro,BRA,DF,0,15,0,0,0,0,0,0,0,0.0,0.0,0,0,0,4,2,13,13,100.0,0,0,0,0,0,0,0,1,0,0,0,0,0,0,,,,
Caglar Soyuncu,TUR,DF,0,15,0,0,0,0,0,0,0,0.0,0.0,0,0,0,1,1,4,3,75.0,0,0,0,0,0,0,0,0,0,0,0,0,0,0,,,,
Mohammad Aldaoud,JOR,MF,0,15,0,0,0,0,0,0,0,0.0,0.0,0,0,0,1,0,5,2,40.0,0,0,1,1,0,0,0,0,0,0,0,0,0,0,,,,
Mohamed Abdelmoneim,EGY,DF,0,15,0,0,0,0,0,0,0,0.0,0.0,0,0,0,0,0,14,14,100.0,0,0,0,0,0,1,100,1,0,0,0,0,0,0,,,,
Assane Diao,SEN,FW,0,16,0,0,0,0,0,0,0,0.0,0.0,0,0,1,3,0,12,12,100.0,0,0,2,3,33,0,0,0,0,0,0,0,0,0,,,,
Bamba Dieng,SEN,FW,0,16,0,0,0,0,0,0,0,0.0,0.0,0,0,2,15,0,3,3,100.0,0,0,0,0,0,0,0,0,0,0,0,0,0,0,,,,
Jamshid Iskanderov,UZB,MF,0,16,0,0,0,0,0,0,0,0.0,0.0,1,0,0,4,0,17,11,64.71,1,0,0,2,50,0,0,0,0,0,0,0,0,0,,,,
Noa Lang,NED,FW,0,17,0,0,0,0,0,0,0,0.0,0.0,0,0,2,6,1,13,11,84.62,1,0,1,2,100,0,0,0,1,0,0,0,0,0,,,,
Yuito Suzuki,JPN,MF,0,17,0,0,0,0,0,0,0,0.0,0.0,0,0,0,7,2,4,4,100.0,0,0,2,0,0,0,0,0,0,0,0,0,0,0,,,,
Jonathan Osorio,CAN,MF,0,17,0,0,1,0,1,0,0,0.04,0.0,0,0,1,3,1,9,6,66.67,0,0,0,0,0,0,0,0,1,0,0,0,0,0,,,,
Callan Elliot,NZL,DF,0,18,0,0,0,0,0,0,0,0.0,0.0,0,0,0,4,1,6,4,66.67,0,0,0,0,0,0,0,0,0,0,0,0,0,0,,,,
Alejandro Romero Gamarra,PAR,FW,0,18,0,0,0,0,0,0,0,0.0,0.0,0,0,3,13,5,10,6,60.0,0,0,0,0,0,1,100,1,1,0,0,0,0,0,,,,
Guillermo Ochoa,MEX,GK,0,18,0,0,0,0,0,0,0,0.0,0.0,0,0,0,0,0,9,4,44.44,0,0,0,2,50,0,0,0,0,0,0,0,0,0,0.0,3.0,3.0,6.0
Alexis Vega,MEX,FW,0,18,0,0,0,0,0,0,0,0.0,0.0,0,0,1,3,0,10,10,100.0,1,0,0,1,0,0,0,0,0,0,0,0,0,0,,,,
Themba Zwane,RSA,MF,0,19,0,0,0,0,0,0,0,0.0,0.0,0,0,2,12,0,7,5,71.43,0,0,0,0,0,0,0,1,0,0,1,0,0,3,,,,
Jean Michael Seri,CIV,MF,0,19,0,0,0,0,0,0,0,0.0,0.0,2,0,0,5,1,17,16,94.12,3,0,0,2,50,0,0,0,0,0,0,0,0,0,,,,
David Zima,CZE,DF,0,19,0,0,0,0,0,0,0,0.0,0.0,0,0,0,4,1,7,6,85.71,0,0,0,0,0,0,0,0,0,0,0,0,0,0,,,,
Amer Jamous,JOR,MF,0,19,0,0,0,0,0,0,0,0.0,0.0,0,0,2,26,2,4,4,100.0,0,0,0,0,0,0,0,1,0,0,0,0,0,0,,,,
Ramon Sosa,PAR,MF,0,19,0,0,0,0,0,0,0,0.0,0.0,0,0,0,12,1,3,3,100.0,0,0,0,0,0,0,0,0,1,0,0,0,0,0,,,,
Tyrese Noslin,CUW,FW,0,19,0,0,0,0,0,0,0,0.0,0.0,0,0,0,7,2,9,5,55.56,3,33,0,1,0,0,0,0,2,0,0,0,0,0,,,,
Mohanad Ali,IRQ,FW,0,20,0,0,0,0,0,0,0,0.0,0.0,0,0,1,14,1,2,1,50.0,0,0,0,0,0,0,0,0,0,0,0,0,0,0,,,,
Roshon Van Eijma,CUW,DF,0,20,0,0,0,0,0,0,0,0.0,0.0,0,0,1,5,3,1,1,100.0,0,0,0,0,0,0,0,0,0,0,0,0,0,0,,,,
Kenji Gorre,CUW,FW,0,20,0,0,0,0,0,0,0,0.0,0.0,0,0,0,8,1,2,0,0.0,0,0,0,0,0,0,0,0,0,0,0,0,0,0,,,,
Kendry Paez,ECU,MF,0,20,0,0,0,0,0,0,0,0.0,0.0,0,0,2,7,3,10,9,90.0,0,0,0,0,0,0,0,1,0,1,0,0,0,1,,,,
Findlay Curtis,SCO,FW,0,21,0,0,0,0,0,0,0,0.0,0.0,0,0,1,12,0,2,2,100.0,2,0,1,1,100,0,0,1,0,1,0,0,0,1,,,,
Armando Gonzalez,MEX,FW,0,21,0,0,0,0,0,0,0,0.0,0.0,0,0,0,7,0,1,1,100.0,0,0,0,0,0,0,0,1,0,0,0,0,0,0,,,,
Alphonso Davies,CAN,DF,0,22,0,0,0,0,0,0,0,0.0,0.0,0,0,1,4,0,18,14,77.78,1,0,1,0,0,0,0,0,0,0,0,0,0,0,,,,
Saed Alrosan,JOR,DF,0,22,0,0,0,0,0,0,0,0.0,0.0,0,0,1,3,1,13,12,92.31,0,0,0,0,0,0,0,0,0,0,0,0,0,0,,,,
Alex Zendejas,USA,FW,0,22,0,0,1,0,1,0,0,0.0,0.0,0,0,1,16,2,7,6,85.71,1,0,0,1,0,0,0,1,0,0,0,0,0,0,,,,
Zakaria El Ouahdi,MAR,DF,0,22,0,0,0,0,0,0,0,0.0,0.0,0,0,0,3,1,14,14,100.0,0,0,0,1,0,0,0,1,1,0,0,0,0,0,,,,
Simon Adingra,CIV,FW,0,22,0,0,0,0,0,0,0,0.0,0.0,1,0,0,11,1,10,9,90.0,1,100,0,0,0,0,0,0,0,0,0,0,0,0,,,,
Ken Sema,SWE,MF,0,22,0,0,1,0,1,0,0,0.06,0.0,0,0,2,5,2,3,3,100.0,0,0,1,0,0,0,0,0,1,0,0,0,0,0,,,,
Shuto Machino,JPN,FW,0,23,0,0,0,0,0,0,0,0.0,0.0,0,0,1,4,1,4,3,75.0,1,0,1,0,0,1,100,1,0,0,0,0,0,0,,,,
Luka Sucic,CRO,MF,0,23,0,0,1,0,0,1,0,0.04,0.0,0,0,1,7,0,3,1,33.33,0,0,0,1,0,0,0,0,0,0,0,0,0,0,,,,
Anthony Ralston,SCO,DF,0,23,0,1,1,0,1,0,0,0.02,0.0,0,0,2,9,2,5,5,100.0,1,100,1,1,100,1,100,2,0,0,0,0,0,0,,,,
Azizbek Amonov,UZB,FW,0,23,0,0,1,0,0,1,0,0.01,0.0,0,0,1,4,0,6,5,83.33,1,0,2,0,0,1,100,0,0,0,0,0,0,0,,,,
Pascal Gross,GER,MF,0,24,0,0,1,0,0,1,0,0.04,0.0,0,0,1,15,1,14,14,100.0,1,0,0,1,100,0,0,1,0,0,0,0,0,0,,,,
Valentin Barco,ARG,MF,0,24,0,0,0,0,0,0,0,0.0,0.0,0,0,0,7,2,20,17,85.0,0,0,0,1,100,0,0,0,1,0,0,0,0,0,,,,
Aimar Sher,IRQ,MF,0,24,0,0,0,0,0,0,0,0.0,0.0,0,0,0,4,2,22,20,90.91,1,0,0,0,0,0,0,0,0,0,0,0,0,0,,,,
Mustafa Saadoon,IRQ,DF,0,24,0,0,0,0,0,0,0,0.0,0.0,0,0,0,6,2,1,1,100.0,0,0,0,0,0,0,0,2,0,0,0,0,0,0,,,,
Almoez Ali,QAT,FW,0,24,0,1,1,0,1,0,1,0.05,0.0,0,0,1,11,2,3,2,66.67,0,0,0,1,100,0,0,0,0,0,0,0,0,0,,,,
Yang Hyunjun,KOR,MF,0,25,0,1,1,0,1,0,0,0.19,0.0,0,0,2,10,1,13,9,69.23,0,0,0,0,0,0,0,1,0,0,0,0,1,0,,,,
Haris Tabakovic,BIH,FW,0,25,0,0,0,0,0,0,0,0.0,0.0,0,0,0,0,0,1,1,100.0,0,0,0,0,0,0,0,0,0,0,0,0,0,0,,,,
Noah Okafor,SUI,FW,0,25,0,0,1,0,1,0,0,0.18,0.0,0,0,1,11,3,9,7,77.78,0,0,1,2,0,0,0,0,0,0,0,0,0,0,,,,
Samir Chergui,ALG,DF,0,25,0,0,0,0,0,0,0,0.0,0.0,0,0,0,4,0,24,23,95.83,0,0,0,0,0,0,0,0,0,0,0,0,0,0,,,,
Samu Costa,POR,DF,0,26,0,0,0,0,0,0,0,0.0,0.0,0,0,2,10,1,11,11,100.0,0,0,0,0,0,0,0,0,0,0,0,0,0,0,,,,
Senne Lammens,BEL,GK,0,26,0,0,0,0,0,0,0,0.0,0.0,0,0,0,0,0,13,6,46.15,0,0,0,1,0,0,0,0,0,0,0,0,0,0,2.0,7.0,5.0,12.0
Amirhossein Hosseinzadeh,IRN,FW,0,26,0,0,1,0,1,0,0,0.09,0.0,0,0,3,13,3,14,10,71.43,0,0,0,3,67,1,100,0,0,0,0,0,0,0,,,,
Dzenis Burnic,BIH,MF,0,27,0,0,1,0,0,1,0,0.02,0.0,0,0,0,6,0,8,7,87.5,0,0,0,0,0,0,0,0,0,0,0,0,0,0,,,,
Evann Guessand,CIV,FW,0,27,0,0,1,0,1,0,1,0.14,0.0,0,0,2,9,2,5,4,80.0,0,0,0,0,0,0,0,1,0,0,0,0,0,0,,,,
Mortadha Ben Ouanes,TUN,DF,0,27,0,0,0,0,0,0,0,0.0,0.0,0,0,3,10,3,4,3,75.0,0,0,0,1,0,0,0,0,1,0,0,0,0,0,,,,
Kevin Castano,COL,MF,0,28,0,0,0,0,0,0,0,0.0,0.0,0,0,1,9,0,14,14,100.0,0,0,0,0,0,0,0,0,0,0,0,0,0,0,,,,
Adil Boulbina,ALG,FW,0,28,0,0,0,0,0,0,0,0.0,0.0,0,0,1,13,0,19,16,84.21,0,0,1,1,100,1,100,0,0,0,0,0,1,0,,,,
Braian Ojeda,PAR,MF,0,28,0,0,0,0,0,0,0,0.0,0.0,0,0,1,4,1,7,6,85.71,0,0,0,0,0,0,0,0,0,0,0,0,0,0,,,,
Sondre Langas,NOR,DF,0,29,0,0,0,0,0,0,0,0.0,0.0,0,0,1,1,1,10,9,90.0,0,0,0,0,0,1,100,0,0,0,0,0,0,0,,,,
Kevin Yakob,IRQ,MF,0,29,0,0,1,0,1,0,0,0.07,0.0,0,0,1,18,2,12,9,75.0,0,0,1,1,0,0,0,1,0,0,0,0,0,0,,,,
Eric Garcia,ESP,DF,0,29,0,0,0,0,0,0,0,0.0,0.0,0,0,1,1,1,11,10,90.91,0,0,0,0,0,1,100,1,0,0,0,0,0,0,,,,
Mehdi Torabi,IRN,MF,0,29,0,0,0,0,0,0,0,0.0,0.0,0,0,1,13,1,20,17,85.0,2,0,0,1,100,0,0,0,0,0,0,0,0,0,,,,
Martin Zubimendi,ESP,MF,0,29,0,0,0,0,0,0,0,0.0,0.0,0,0,0,1,0,24,22,91.67,0,0,0,0,0,0,0,0,0,0,0,0,0,0,,,,
Marco Friedl,AUT,DF,0,30,0,0,0,0,0,0,0,0.0,0.0,0,0,0,4,1,31,30,96.77,0,0,0,0,0,0,0,0,0,0,0,0,0,0,,,,
Awer Mabil,AUS,FW,0,31,0,0,1,0,0,1,0,0.03,0.0,0,0,1,20,0,8,5,62.5,1,0,0,0,0,0,0,0,1,0,0,0,0,0,,,,
Luis Chavez,MEX,MF,0,31,0,0,0,0,0,0,0,0.0,0.0,0,0,1,4,3,28,28,100.0,1,0,0,1,100,0,0,1,0,0,0,0,0,0,,,,
Mohamed Amoura,ALG,FW,0,31,0,0,0,0,0,0,0,0.0,0.0,0,0,2,32,1,8,7,87.5,0,0,0,0,0,0,0,1,0,0,0,0,0,0,,,,
Duckens Nazon,HAI,FW,0,31,0,1,1,0,0,1,0,0.12,0.0,0,0,1,6,0,3,1,33.33,0,0,1,0,0,0,0,0,1,1,0,0,0,1,,,,
Francis De Vries,NZL,DF,0,32,0,0,0,0,0,0,0,0.0,0.0,2,0,1,5,1,16,7,43.75,2,50,1,0,0,0,0,0,0,0,0,0,0,0,,,,
Francisco Trincao,POR,FW,0,32,0,0,1,0,1,0,0,0.11,0.0,1,0,2,12,1,16,13,81.25,0,0,0,1,0,0,0,0,0,0,0,0,0,0,,,,
Justin Kluivert,NED,MF,0,32,0,0,0,0,0,0,0,0.0,0.0,0,0,2,12,0,7,7,100.0,1,0,0,0,0,0,0,0,2,0,0,0,0,0,,,,
Youssef Amyn,IRQ,MF,0,32,0,0,0,0,0,0,0,0.0,0.0,0,0,2,25,4,6,5,83.33,0,0,0,0,0,0,0,0,0,0,0,0,0,0,,,,
Maximilian Beier,GER,FW,0,33,0,0,0,0,0,0,0,0.0,0.0,0,0,1,9,1,13,6,46.15,0,0,0,1,0,0,0,1,1,0,0,0,0,0,,,,
Tete Yengi,AUS,FW,0,33,0,1,1,0,1,0,0,0.1,0.0,0,0,1,17,2,5,3,60.0,1,0,0,2,0,0,0,3,0,0,0,0,0,0,,,,
Ayoube Amaimouni,MAR,FW,0,33,0,1,2,0,2,0,0,0.29,0.0,0,0,4,10,3,9,8,88.89,1,0,2,0,0,1,0,1,0,0,0,0,0,0,,,,
Samed Bazdar,BIH,FW,0,35,0,0,0,0,0,0,0,0.0,0.0,0,0,2,6,2,5,2,40.0,0,0,1,3,0,0,0,1,1,0,0,0,0,0,,,,
Guus Til,NED,MF,0,36,0,0,0,0,0,0,0,0.0,0.0,0,0,1,20,1,8,7,87.5,0,0,0,1,0,0,0,0,0,0,0,0,0,0,,,,
Bara Sapoko Ndiaye,SEN,MF,0,36,0,1,1,0,0,1,0,0.04,0.0,0,0,2,11,3,10,9,90.0,1,100,0,0,0,0,0,0,2,0,0,0,0,0,,,,
Jackson Porozo,ECU,DF,0,36,0,0,0,0,0,0,0,0.0,0.0,0,0,2,2,0,12,12,100.0,0,0,0,0,0,0,0,2,0,1,0,0,0,1,,,,
Joaquin Seys,BEL,DF,0,36,0,0,0,0,0,0,0,0.0,0.0,0,0,3,30,2,7,7,100.0,0,0,0,0,0,0,0,0,0,0,0,0,0,0,,,,
Jamie Leweling,GER,MF,0,37,0,0,1,0,0,1,0,0.08,0.0,0,0,2,15,4,14,11,78.57,3,0,0,1,0,0,0,0,0,0,0,0,0,0,,,,
Jean Philippe Mateta,FRA,FW,0,38,0,1,3,0,3,0,1,0.92,0.0,0,0,1,23,2,2,2,100.0,0,0,1,0,0,0,0,1,0,0,0,0,0,0,,,,
Ederson Silva,BRA,MF,0,38,0,0,2,0,1,1,0,0.34,0.0,0,0,1,20,2,5,5,100.0,3,33,0,0,0,0,0,1,0,0,0,0,0,0,,,,
Zineddine Belaid,ALG,DF,0,38,0,0,0,0,0,0,0,0.0,0.0,0,0,0,2,2,44,43,97.73,0,0,0,1,100,0,0,0,0,0,0,0,1,0,,,,
Ali Yousif,IRQ,FW,0,38,0,0,0,0,0,0,0,0.0,0.0,0,0,2,17,1,4,4,100.0,0,0,0,0,0,0,0,1,0,0,0,0,0,0,,,,
Luiz Henrique,BRA,FW,0,38,0,0,0,0,0,0,0,0.0,0.0,0,0,2,10,3,12,12,100.0,0,0,0,3,100,0,0,0,1,0,0,0,0,0,,,,
Ahmed Maknazi,IRQ,DF,0,38,0,0,0,0,0,0,0,0.0,0.0,0,0,2,23,5,5,3,60.0,0,0,1,0,0,0,0,0,0,0,0,0,0,0,,,,
Eray Coemert,SUI,DF,0,39,0,0,0,0,0,0,0,0.0,0.0,0,0,1,9,1,5,5,100.0,0,0,0,0,0,0,0,0,0,0,0,0,0,0,,,,
Patrick Wimmer,AUT,FW,0,39,0,0,1,0,1,0,1,0.12,0.0,0,0,4,15,6,13,7,53.85,0,0,0,2,100,0,0,3,1,0,0,0,0,0,,,,
Jordy Caicedo,ECU,FW,0,40,0,0,1,0,1,0,0,0.05,0.0,0,0,1,12,1,6,6,100.0,0,0,0,0,0,0,0,2,0,0,0,0,0,0,,,,
Oumar Diakite,CIV,FW,0,40,0,0,0,0,0,0,0,0.0,0.0,0,0,3,11,1,19,17,89.47,1,0,3,3,33,0,0,0,0,0,0,0,0,0,,,,
Ahmed Alganehi,QAT,MF,0,41,0,0,1,0,0,1,0,0.05,0.0,2,0,3,18,4,12,11,91.67,2,100,1,0,0,0,0,1,0,0,0,0,0,0,,,,
Alhashmi Alhussein,QAT,DF,0,41,0,0,0,0,0,0,0,0.0,0.0,0,0,2,20,8,0,0,,0,0,0,0,0,0,0,2,2,0,0,0,0,0,,,,
Alexander Prass,AUT,MF,0,41,0,0,0,0,0,0,0,0.0,0.0,0,0,0,5,0,25,22,88.0,3,0,0,3,33,0,0,0,0,0,0,0,0,0,,,,
Cho Guesung,KOR,FW,0,41,0,1,2,0,2,0,2,0.51,0.0,0,0,4,13,1,7,4,57.14,0,0,0,0,0,0,0,1,0,1,0,0,0,1,,,,
Rebin Sulaka,IRQ,DF,0,41,0,0,1,0,1,0,0,0.07,0.0,0,0,2,1,1,29,23,79.31,0,0,0,0,0,3,33,1,0,0,1,0,0,3,,,,
Ali Alipour,IRN,FW,0,42,0,0,1,0,1,0,0,0.04,0.0,0,0,2,13,4,8,4,50.0,0,0,0,1,100,0,0,1,1,0,0,0,0,0,,,,
Axel Witsel,BEL,MF,0,42,0,0,0,0,0,0,0,0.0,0.0,0,0,1,21,3,9,8,88.89,0,0,0,0,0,0,0,2,1,1,0,0,0,1,,,,
Jorrel Hato,NED,DF,0,43,0,0,0,0,0,0,0,0.0,0.0,0,0,1,23,4,4,2,50.0,1,100,0,0,0,0,0,0,0,0,0,0,0,0,,,,
Tomas Chory,CZE,FW,0,43,0,0,0,0,0,0,0,0.0,0.0,0,0,0,14,1,8,7,87.5,0,0,0,1,0,0,0,2,1,0,0,0,0,0,,,,
Saleem Obaid,JOR,DF,0,43,0,0,0,0,0,0,0,0.0,0.0,0,0,2,6,3,18,12,66.67,0,0,0,0,0,0,0,1,0,0,0,0,0,0,,,,
Ala Alhajji,KSA,MF,0,43,0,0,0,0,0,0,0,0.0,0.0,0,0,1,7,1,17,16,94.12,0,0,0,0,0,0,0,0,0,0,0,0,0,0,,,,
Park Jinseob,KOR,DF,0,44,0,1,1,0,1,0,1,0.24,0.0,0,0,1,1,0,52,49,94.23,0,0,0,1,0,0,0,0,1,0,0,0,0,0,,,,
Nick Woltemade,GER,FW,0,44,0,0,2,0,2,0,0,0.09,0.0,0,0,0,6,1,1,1,100.0,0,0,0,0,0,0,0,0,0,0,0,0,0,0,,,,
Gervane Kastaneer,CUW,FW,0,45,0,0,1,0,0,1,0,0.03,0.0,0,0,0,17,3,9,7,77.78,0,0,0,0,0,0,0,2,0,2,0,0,0,2,,,,
Charles Pickel,COD,MF,0,45,0,0,1,0,1,0,0,0.1,0.0,0,0,3,25,3,22,19,86.36,0,0,0,0,0,2,50,2,1,1,0,0,0,1,,,,
Orbelin Pineda,MEX,MF,0,45,0,0,1,0,1,0,0,0.09,0.0,0,0,3,33,1,5,5,100.0,0,0,1,1,0,0,0,0,2,0,0,0,0,0,,,,
Taha Ali,SWE,FW,0,46,0,0,0,0,0,0,0,0.0,0.0,0,0,4,15,0,16,15,93.75,1,0,4,2,100,0,0,0,2,0,0,0,0,0,,,,
Igor Sergeev,UZB,FW,0,46,0,0,0,0,0,0,0,0.0,0.0,0,0,0,21,2,4,4,100.0,0,0,0,0,0,0,0,0,0,0,0,0,1,0,,,,
Theo Bongonda,COD,MF,0,47,0,0,1,0,1,0,0,0.04,0.0,1,0,1,19,2,13,9,69.23,2,0,0,2,0,0,0,0,1,0,0,0,0,0,,,,
Roger Ibanez,BRA,DF,0,49,0,0,0,0,0,0,0,0.0,0.0,0,0,0,10,1,22,22,100.0,0,0,2,1,100,0,0,2,1,1,0,0,0,1,,,,
Dylan Bronn,TUN,DF,0,49,0,0,0,0,0,0,0,0.0,0.0,0,0,1,4,1,20,16,80.0,0,0,0,0,0,1,0,1,0,0,0,0,0,0,,,,
Simon Banza,COD,FW,0,49,0,0,0,0,0,0,0,0.0,0.0,0,0,3,25,3,6,4,66.67,0,0,0,0,0,1,0,1,0,0,0,0,0,0,,,,
Lyndon Dykes,SCO,FW,0,49,0,0,1,0,1,0,1,0.15,0.0,0,0,3,22,3,11,7,63.64,1,0,0,4,25,0,0,2,0,0,0,0,0,0,,,,
Matias Vina,URU,DF,0,49,0,0,0,0,0,0,0,0.0,0.0,0,0,4,8,0,29,23,79.31,2,0,0,0,0,0,0,0,1,0,0,0,1,0,,,,
Jordy Alcivar,ECU,MF,0,49,0,0,1,0,1,0,0,0.04,0.0,0,0,1,12,7,33,31,93.94,1,0,0,1,100,0,0,1,0,1,0,0,0,1,,,,
Morten Thorsby,NOR,MF,0,50,0,0,0,0,0,0,0,0.0,0.0,0,0,0,33,3,18,17,94.44,0,0,0,0,0,0,0,1,0,0,0,0,0,0,,,,
Sontje Hansen,CUW,FW,0,50,0,1,1,0,0,1,0,0.03,0.0,0,0,2,31,1,6,5,83.33,0,0,0,0,0,0,0,0,0,0,0,0,0,0,,,,
Fredrik Andre Bjorkan,NOR,DF,0,50,0,0,0,0,0,0,0,0.0,0.0,0,0,2,21,2,21,19,90.48,0,0,0,0,0,0,0,0,0,0,0,0,0,0,,,,
Malick Thiaw,GER,DF,0,50,0,0,0,0,0,0,0,0.0,0.0,0,0,3,7,3,38,33,86.84,0,0,0,0,0,0,0,1,1,0,0,0,0,0,,,,
Mehdi Ghayedi,IRN,FW,0,50,0,0,1,0,0,1,0,0.05,0.0,1,0,3,13,2,9,6,66.67,3,33,0,1,100,0,0,2,1,0,0,0,0,0,,,,
Deniz Gul,TUR,FW,0,50,0,1,2,0,2,0,1,0.7,0.0,0,0,0,5,0,0,0,,0,0,0,0,0,0,0,2,0,0,0,0,0,0,,,,
Jearl Margaritha,CUW,FW,0,50,0,0,1,0,1,0,0,0.05,0.0,0,0,3,23,1,8,8,100.0,0,0,0,0,0,0,0,0,0,0,0,0,0,0,,,,
Castrop Jens,KOR,DF,0,51,0,0,0,0,0,0,0,0.0,0.0,0,0,2,13,5,30,27,90.0,4,25,1,2,100,1,100,3,0,0,0,0,0,0,,,,
Abdulaziz Hatem,QAT,MF,0,51,0,0,0,0,0,0,0,0.0,0.0,0,0,1,20,0,32,26,81.25,0,0,0,2,50,0,0,1,0,0,0,0,0,0,,,,
Arya Yousefi,IRN,DF,0,51,0,1,1,0,1,0,0,0.06,0.0,0,0,1,12,2,18,16,88.89,0,0,1,0,0,0,0,0,1,0,0,0,0,0,,,,
Sergio Rochet,URU,GK,0,51,0,0,0,0,0,0,0,0.0,0.0,0,0,0,0,0,19,10,52.63,0,0,0,3,67,0,0,0,0,0,0,0,0,0,0.0,7.0,5.0,12.0
Angelo Stiller,GER,MF,0,52,0,0,0,0,0,0,0,0.0,0.0,0,0,1,7,1,34,31,91.18,0,0,0,1,0,0,0,0,0,0,0,0,0,0,,,,
Ismael Diaz,PAN,MF,0,52,0,2,6,0,4,2,2,0.39,0.0,0,0,3,20,1,15,13,86.67,0,0,1,0,0,0,0,0,0,0,0,0,2,0,,,,
Mohamed Hadj Mahmoud,TUN,MF,0,52,0,0,0,0,0,0,0,0.0,0.0,0,0,1,25,6,13,12,92.31,0,0,0,0,0,1,100,2,0,0,0,0,0,0,,,,
Tomas Rodriguez,PAN,FW,0,53,0,1,1,0,0,1,0,0.06,0.0,0,0,3,26,3,9,7,77.78,0,0,0,1,100,0,0,3,1,0,0,0,0,0,,,,
Eom Jisung,KOR,MF,0,53,0,0,0,0,0,0,0,0.0,0.0,0,0,0,2,0,9,9,100.0,3,67,2,2,100,0,0,0,1,0,0,0,0,0,,,,
Yaimar Medina,ECU,DF,0,53,0,0,1,0,1,0,1,0.04,0.0,0,0,1,10,3,19,17,89.47,4,25,0,1,0,1,100,1,0,0,0,0,0,0,,,,
Isidro Pitta,PAR,FW,0,55,0,0,0,0,0,0,0,0.0,0.0,0,0,2,26,3,4,3,75.0,1,0,0,1,0,0,0,2,0,0,0,0,2,0,,,,
Can Uzun,TUR,FW,0,55,0,1,4,0,3,1,0,0.39,0.0,0,0,4,9,3,24,22,91.67,0,0,4,0,0,0,0,0,1,0,0,0,0,0,,,,
Ahmed Alaaeldin,QAT,FW,0,55,0,1,1,0,1,0,0,0.13,0.0,0,0,2,22,4,8,4,50.0,0,0,0,1,0,0,0,1,1,0,0,0,0,0,,,,
Farrukh Sayfiev,UZB,DF,0,55,0,0,0,0,0,0,0,0.0,0.0,0,0,1,5,0,14,12,85.71,1,0,1,2,100,0,0,0,2,0,0,0,0,0,,,,
Matias Fernandez Pardo,BEL,FW,0,57,0,0,3,0,2,1,0,0.25,0.0,0,0,2,25,4,15,13,86.67,3,0,4,3,67,0,0,0,0,0,0,0,0,0,,,,
Junnosuke Suzuki,JPN,DF,0,58,0,0,0,0,0,0,0,0.0,0.0,0,0,0,22,4,7,6,85.71,1,0,0,1,0,0,0,2,0,1,0,0,0,1,,,,
Wout Weghorst,NED,FW,0,58,0,0,0,0,0,0,0,0.0,0.0,0,0,2,53,2,7,4,57.14,0,0,0,1,0,0,0,1,2,0,0,0,0,0,,,,
Vladimir Darida,CZE,MF,0,58,0,0,1,0,1,0,0,0.01,0.0,0,0,10,34,1,18,14,77.78,0,0,2,1,0,0,0,0,1,0,0,0,0,0,,,,
Alireza Jahanbakhsh,IRN,MF,0,58,0,0,1,0,1,0,0,0.04,0.0,0,0,2,20,0,11,7,63.64,2,50,1,1,100,0,0,2,0,0,0,0,0,0,,,,
Elias Achouri,TUN,FW,0,58,0,1,3,0,0,3,0,0.13,0.0,0,0,1,19,6,8,7,87.5,0,0,0,0,0,0,0,0,1,0,0,0,1,0,,,,
Dan Burn,ENG,DF,0,59,0,0,0,0,0,0,0,0.0,0.0,0,0,1,1,0,4,2,50.0,0,0,0,2,0,0,0,1,0,0,0,0,0,0,,,,
Denis Visinsky,CZE,FW,0,59,0,0,3,0,2,1,0,0.26,0.0,0,0,4,20,0,14,14,100.0,0,0,2,0,0,0,0,0,1,0,0,0,0,0,,,,
Alan Minda,ECU,MF,0,59,0,0,2,0,1,1,0,0.44,0.0,0,0,1,28,1,16,12,75.0,2,0,0,1,0,0,0,0,1,0,0,0,0,0,,,,
Lyle Foster,RSA,FW,0,59,0,0,1,0,1,0,1,0.07,0.0,0,0,1,25,1,5,1,20.0,0,0,0,1,0,0,0,0,1,0,0,0,0,0,,,,
Kojo Peprah Oppong,GHA,DF,0,61,0,0,0,0,0,0,0,0.0,0.0,0,0,1,5,0,22,21,95.45,0,0,0,0,0,0,0,1,0,1,0,0,0,1,,,,
Mathieu Choiniere,CAN,MF,0,61,0,0,0,0,0,0,0,0.0,0.0,1,0,2,19,2,29,23,79.31,4,50,0,2,50,1,100,1,1,0,0,0,0,0,,,,
Brian Rodriguez,URU,FW,0,61,0,1,3,0,1,2,0,0.22,0.0,10,0,2,15,1,26,19,73.08,14,7,2,7,71,1,100,0,1,0,0,0,0,0,,,,
Cedric Itten,SUI,FW,0,62,0,0,0,0,0,0,0,0.0,0.0,0,0,4,27,6,5,3,60.0,1,0,0,0,0,0,0,4,2,0,0,0,0,0,,,,
Prince Adu,GHA,FW,0,62,0,0,1,0,1,0,0,0.25,0.0,0,0,0,25,4,5,4,80.0,0,0,0,0,0,0,0,4,0,0,0,0,0,0,,,,
Marko Farji,IRQ,FW,0,62,0,0,0,0,0,0,0,0.0,0.0,0,0,2,34,2,11,7,63.64,2,50,1,1,100,0,0,0,2,0,0,0,0,0,,,,
Kim Jingyu,KOR,MF,0,64,0,0,1,0,0,1,0,0.01,0.0,0,0,3,16,3,56,54,96.43,1,0,0,2,100,0,0,0,1,0,0,0,0,0,,,,
Alex Arce,PAR,FW,0,64,0,0,0,0,0,0,0,0.0,0.0,0,0,1,32,4,10,7,70.0,0,0,0,0,0,0,0,1,0,1,0,0,0,1,,,,
Igor Thiago,BRA,FW,0,65,0,1,2,0,2,0,1,0.4,0.0,0,0,5,25,5,5,4,80.0,0,0,1,0,0,0,0,2,0,0,0,0,0,0,,,,
Ollie Watkins,ENG,FW,0,65,0,0,1,0,1,0,0,0.04,0.0,0,0,1,16,3,10,9,90.0,3,33,3,2,100,0,0,1,0,0,0,0,0,0,,,,
Firas Chaouat,TUN,FW,0,66,0,0,0,0,0,0,0,0.0,0.0,0,0,0,18,0,7,7,100.0,0,0,0,0,0,0,0,1,2,0,0,0,3,0,,,,
Waldemar Anton,GER,DF,0,66,0,1,1,0,1,0,1,0.11,0.0,0,0,1,13,3,30,29,96.67,2,0,0,0,0,0,0,3,1,0,0,0,1,0,,,,
Mathew Leckie,AUS,FW,0,67,0,0,1,0,1,0,0,0.1,0.0,0,0,2,30,4,10,7,70.0,1,0,0,0,0,0,0,1,1,0,0,0,0,0,,,,
Dominique Simon,HAI,MF,0,68,0,1,1,0,0,1,0,0.01,0.0,1,0,2,26,6,30,22,73.33,1,100,0,2,0,0,0,1,1,0,0,0,0,0,,,,
Quinten Timber,NED,MF,0,68,0,0,0,0,0,0,0,0.0,0.0,0,0,5,27,7,12,10,83.33,2,50,0,2,50,0,0,0,2,0,0,0,0,0,,,,
Besfort Zeneli,SWE,MF,0,69,0,1,1,0,0,1,0,0.01,0.0,0,0,3,35,7,38,34,89.47,2,0,0,2,50,0,0,1,0,0,0,0,0,0,,,,
Ibrahima Konate,FRA,DF,0,69,0,0,0,0,0,0,0,0.0,0.0,0,0,2,12,5,34,32,94.12,0,0,0,0,0,0,0,2,1,0,0,0,0,0,,,,
Alexandro Maidana,PAR,DF,0,69,0,0,0,0,0,0,0,0.0,0.0,0,0,2,30,6,19,13,68.42,1,0,0,0,0,0,0,0,0,0,0,0,0,0,,,,
Joris Kayembe,COD,DF,0,69,0,0,1,0,0,1,0,0.0,0.0,0,0,4,20,5,24,19,79.17,3,67,0,4,25,0,0,0,1,0,0,0,0,0,,,,
Telmo Arcanjo,CPV,MF,0,69,0,0,0,0,0,0,0,0.0,0.0,1,0,6,27,1,14,12,85.71,1,100,2,0,0,1,100,0,1,0,0,0,0,0,,,,
Sultan Mandash,KSA,FW,0,71,0,0,0,0,0,0,0,0.0,0.0,0,0,15,22,5,9,7,77.78,0,0,0,0,0,0,0,1,2,0,0,0,0,0,,,,
Henrik Falchener,NOR,DF,0,71,0,0,0,0,0,0,0,0.0,0.0,0,0,0,2,1,23,18,78.26,0,0,0,0,0,0,0,0,0,0,0,0,0,0,,,,
Luka Vuskovic,CRO,DF,0,71,0,0,0,0,0,0,0,0.0,0.0,0,0,0,3,2,43,38,88.37,0,0,0,1,0,0,0,1,1,0,0,0,0,0,,,,
Danilo Santos,BRA,MF,0,73,0,1,2,0,2,0,1,0.19,0.0,0,0,1,22,4,30,23,76.67,0,0,0,2,100,0,0,0,0,0,0,0,0,0,,,,
Hossam Abdelmaguid,EGY,DF,0,73,0,0,0,0,0,0,0,0.0,0.0,0,0,4,11,3,32,28,87.5,0,0,0,0,0,0,0,1,0,0,0,0,0,0,,,,
Kim Moonhwan,KOR,DF,0,74,0,0,0,0,0,0,0,0.0,0.0,0,0,11,19,2,25,22,88.0,0,0,0,0,0,0,0,0,0,0,0,0,0,0,,,,
Ayoub El Kaabi,MAR,FW,0,74,0,2,3,0,3,0,0,0.31,0.0,0,0,2,25,7,10,7,70.0,0,0,1,0,0,0,0,1,1,0,0,0,3,0,,,,
Mohammad Abualnadi,JOR,DF,0,75,0,0,0,0,0,0,0,0.0,0.0,0,0,2,6,3,31,24,77.42,0,0,0,0,0,0,0,0,0,0,0,0,0,0,,,,
Kristian Thorstvedt,NOR,MF,0,75,0,1,3,0,2,1,0,0.17,0.0,0,0,0,38,5,24,19,79.17,0,0,2,1,0,0,0,2,1,0,0,0,0,0,,,,
Jason Geria,AUS,DF,0,75,0,0,0,0,0,0,0,0.0,0.0,0,0,1,21,3,23,18,78.26,1,0,0,0,0,0,0,2,0,0,0,0,0,0,,,,
Oston Urunov,UZB,MF,0,75,0,0,0,0,0,0,0,0.0,0.0,0,0,4,41,1,10,8,80.0,0,0,1,2,50,0,0,0,0,0,0,0,0,0,,,,
Ruben Neves,POR,MF,0,76,0,0,2,0,0,2,0,0.03,0.0,0,0,3,37,0,29,27,93.1,0,0,0,2,50,0,0,0,0,0,0,0,0,0,,,,
Azarias Londono,PAN,FW,0,76,0,0,1,0,0,1,0,0.01,0.0,0,0,1,24,3,21,20,95.24,1,0,2,2,50,0,0,1,0,0,0,0,0,0,,,,
Diego Moreira,BEL,MF,0,76,0,0,0,0,0,0,0,0.0,0.0,0,0,5,36,2,15,10,66.67,4,25,1,3,67,2,50,2,1,0,0,0,1,0,,,,
Ali Azaizeh,JOR,FW,0,78,0,0,2,0,1,1,1,0.06,0.0,1,0,3,47,3,13,12,92.31,1,0,1,0,0,0,0,1,1,0,0,0,0,0,,,,
Diogo Dalot,POR,DF,0,78,0,0,1,0,0,1,0,0.04,0.0,0,0,2,13,3,39,34,87.18,1,0,2,1,0,0,0,0,1,0,0,0,0,0,,,,
Aaron Hickey,SCO,DF,0,79,0,0,0,0,0,0,0,0.0,0.0,0,0,1,16,5,42,38,90.48,1,0,0,1,100,0,0,2,4,1,0,0,0,1,,,,
Jesse Randall,NZL,FW,0,79,0,0,1,0,0,1,0,0.01,0.0,3,0,3,15,2,16,12,75.0,5,40,2,1,0,0,0,0,1,0,0,0,0,0,,,,
Kai Trewin,AUS,DF,0,81,0,0,1,0,0,1,0,0.0,0.0,0,0,7,22,4,31,27,87.1,2,0,0,1,0,0,0,0,1,0,0,0,0,0,,,,
Nico Paz,ARG,FW,0,81,0,0,1,0,0,1,0,0.08,0.0,0,0,7,44,6,56,54,96.43,1,0,1,2,100,2,100,2,1,0,0,0,0,0,,,,
Andrej Kramaric,CRO,FW,0,81,0,0,1,0,0,1,0,0.01,0.0,0,0,0,24,1,20,17,85.0,2,0,0,2,50,0,0,0,0,0,0,0,1,0,,,,
Brenden Aaronson,USA,FW,0,82,0,1,3,0,3,0,0,0.46,0.0,0,0,6,37,9,22,21,95.45,3,33,0,2,50,0,0,2,1,0,0,0,0,0,,,,
Hamza Abdelkarim,EGY,FW,0,83,0,0,0,0,0,0,0,0.0,0.0,0,0,8,36,6,10,7,70.0,1,0,0,2,0,0,0,2,0,0,0,0,0,0,,,,
Yeremy Pino,ESP,FW,0,83,0,0,0,0,0,0,0,0.0,0.0,0,0,3,28,7,29,25,86.21,1,0,0,0,0,0,0,2,0,0,0,0,1,0,,,,
Zizo,EGY,FW,0,84,0,1,3,0,2,1,0,0.14,0.0,4,0,4,14,2,27,23,85.19,6,33,1,1,0,0,0,2,1,0,0,0,0,0,,,,
Jeremy Antonisse,CUW,FW,0,85,0,0,1,0,1,0,0,0.05,0.0,2,0,1,39,3,35,25,71.43,6,50,1,2,0,1,100,0,0,0,0,0,0,0,,,,
Gavi,ESP,MF,0,85,0,0,1,0,1,0,0,0.01,0.0,0,0,4,33,8,31,29,93.55,2,0,0,1,100,1,100,2,1,0,0,0,0,0,,,,
Cecilio Waterman,PAN,FW,0,85,0,1,2,0,2,0,0,0.05,0.0,0,0,7,19,2,10,7,70.0,0,0,0,1,0,0,0,1,1,0,0,0,0,0,,,,
Obed Vargas,MEX,MF,0,85,0,1,1,0,0,1,0,0.02,0.0,0,0,3,20,2,22,20,90.91,0,0,2,3,33,0,0,1,0,0,0,0,0,0,,,,
Ardon Jashari,SUI,MF,0,87,0,0,2,0,0,2,0,0.03,0.0,0,0,3,33,4,30,25,83.33,1,0,0,3,67,1,0,2,1,0,0,0,0,0,,,,
Guillermo Martinez,MEX,FW,0,87,0,0,0,0,0,0,0,0.0,0.0,0,0,3,41,4,13,12,92.31,1,0,0,0,0,0,0,3,1,0,0,0,0,0,,,,
Nishan Velupillay,AUS,FW,0,88,0,0,0,0,0,0,0,0.0,0.0,0,0,1,57,4,12,6,50.0,0,0,1,0,0,0,0,1,0,0,0,0,0,0,,,,
Abdullah Alhamddan,KSA,FW,0,88,0,2,2,0,1,1,0,0.2,0.0,0,0,5,62,5,22,16,72.73,1,0,1,2,50,0,0,2,0,0,0,0,0,0,,,,
Munaf Younus,IRQ,DF,0,89,0,0,0,0,0,0,0,0.0,0.0,0,0,2,11,5,19,17,89.47,0,0,0,0,0,0,0,0,0,0,0,0,0,0,,,,
Luca Jaquez,SUI,DF,0,89,0,0,0,0,0,0,0,0.0,0.0,0,0,3,15,4,41,31,75.61,2,0,1,4,50,0,0,3,1,0,0,0,0,0,,,,
Santiago Arias,COL,DF,0,89,0,0,0,0,0,0,0,0.0,0.0,0,0,5,12,1,43,37,86.05,5,80,0,1,100,0,0,1,0,0,0,0,0,0,,,,
Ivan Toney,ENG,FW,0,89,0,1,2,0,2,0,1,0.06,0.0,0,0,2,21,4,21,15,71.43,0,0,0,1,100,0,0,0,3,0,0,0,2,0,,,,
Timothy Weah,USA,FW,0,90,0,0,2,0,1,1,0,0.05,0.0,0,0,5,34,4,34,30,88.24,2,0,0,2,50,0,0,2,0,0,0,0,2,0,,,,
Garry Rodrigues,CPV,MF,0,90,0,0,1,0,1,0,0,0.04,0.0,0,0,3,23,1,14,11,78.57,2,50,2,2,100,0,0,0,0,0,0,0,2,0,,,,
Jorge Gutierrez,PAN,DF,0,90,0,0,0,0,0,0,0,0.0,0.0,0,0,6,28,10,23,19,82.61,0,0,0,1,0,0,0,1,2,0,0,0,0,0,,,,
Ajdin Hrustic,AUS,FW,0,90,0,0,3,0,2,1,0,0.11,0.0,1,0,5,40,2,31,27,87.1,5,40,1,0,0,0,0,1,0,0,0,0,0,0,,,,
Odiljon Xamrobekov,UZB,MF,0,90,0,0,1,0,1,0,0,0.16,0.0,0,0,7,39,6,43,38,88.37,0,0,0,1,0,0,0,1,1,1,0,0,0,1,,,,
Mohamed Manai,QAT,FW,0,91,0,0,0,0,0,0,0,0.0,0.0,0,1,2,52,3,15,7,46.67,0,0,1,3,33,0,0,3,0,0,0,0,0,0,,,,
Alidu Seidu,GHA,DF,0,92,0,0,0,0,0,0,0,0.0,0.0,0,0,0,16,6,27,25,92.59,1,0,1,0,0,0,0,1,0,1,0,0,0,1,,,,
Gilson Benchimol,CPV,FW,0,93,0,0,0,0,0,0,0,0.0,0.0,0,0,5,52,4,11,9,81.82,0,0,3,2,0,0,0,0,1,0,0,0,0,0,,,,
Bazoumana Toure,CIV,FW,0,94,0,0,0,0,0,0,0,0.0,0.0,1,0,2,38,2,23,16,69.57,4,0,2,1,0,1,100,0,1,0,0,0,0,0,,,,
Pape Matar Sarr,SEN,MF,0,94,0,0,4,0,0,4,0,0.23,0.0,0,0,3,25,3,48,43,89.58,1,0,0,2,50,0,0,1,0,0,0,0,0,0,,,,
Antonio Sanabria,PAR,FW,0,95,0,0,0,0,0,0,0,0.0,0.0,0,0,4,38,2,10,7,70.0,0,0,0,0,0,0,0,1,2,0,0,0,0,0,,,,
Fabinho,BRA,MF,0,95,0,0,1,0,1,0,1,0.02,0.0,0,0,1,24,5,43,42,97.67,0,0,0,0,0,0,0,4,0,1,0,0,0,1,,,,
Armin Gigovic,BIH,MF,0,95,0,0,0,0,0,0,0,0.0,0.0,0,0,4,33,4,24,17,70.83,0,0,0,0,0,1,0,0,1,0,0,0,0,0,,,,
Oguz Aydin,TUR,FW,0,97,0,0,0,0,0,0,0,0.0,0.0,0,0,3,24,9,46,39,84.78,3,0,0,3,67,0,0,0,2,0,0,0,0,0,,,,
Ayumu Seko,JPN,DF,0,97,0,0,0,0,0,0,0,0.0,0.0,0,0,1,3,2,50,42,84.0,0,0,0,2,0,0,0,1,0,0,0,0,0,0,,,,
Sebastian Tounekti,TUN,MF,0,98,0,0,0,0,0,0,0,0.0,0.0,0,0,1,33,1,18,16,88.89,3,0,1,1,0,0,0,1,0,0,0,0,0,0,,,,
Fidel Escobar,PAN,DF,0,98,0,0,0,0,0,0,0,0.0,0.0,0,0,2,16,5,27,20,74.07,1,100,0,1,100,1,0,1,0,0,0,0,0,0,,,,
Deiver Machado,COL,DF,0,99,0,0,0,0,0,0,0,0.0,0.0,0,0,4,21,2,23,22,95.65,2,0,0,1,100,0,0,1,2,0,0,0,0,0,,,,
Wagner Pina,CPV,DF,0,99,0,0,1,0,1,0,0,0.18,0.0,0,0,4,19,2,38,30,78.95,3,33,1,2,0,0,0,1,3,1,0,0,0,1,,,,
Stepan Chaloupek,CZE,DF,0,99,0,0,0,0,0,0,0,0.0,0.0,0,0,1,22,15,22,15,68.18,0,0,0,1,0,1,100,1,0,0,0,0,0,0,,,,
Tsuyoshi Watanabe,JPN,DF,0,99,0,0,0,0,0,0,0,0.0,0.0,0,0,4,8,3,34,31,91.18,2,50,0,0,0,0,0,0,1,0,0,0,0,0,,,,
David Doudera,CZE,DF,0,100,0,0,4,0,1,3,0,0.05,0.0,0,0,1,23,0,47,34,72.34,4,25,1,3,0,0,0,0,1,0,0,0,0,0,,,,
Exequiel Palacios,ARG,MF,0,100,0,0,0,0,0,0,0,0.0,0.0,0,0,1,5,1,94,89,94.68,0,0,0,0,0,0,0,1,1,0,0,0,0,0,,,,
Egil Selvik,NOR,GK,0,100,0,0,0,0,0,0,0,0.0,0.0,0,0,0,0,0,30,19,63.33,0,0,0,0,0,0,0,0,0,0,0,0,0,0,5.0,25.0,22.0,47.0
Ousmane Diomande,CIV,DF,0,100,0,0,0,0,0,0,0,0.0,0.0,0,0,1,3,1,74,72,97.3,0,0,0,0,0,0,0,0,0,0,0,0,0,0,,,,
Christopher Operi,CIV,DF,0,100,0,0,0,0,0,0,0,0.0,0.0,0,0,4,20,3,78,70,89.74,1,0,1,3,33,0,0,2,0,0,0,0,0,0,,,,
Riechedly Bazoer,CUW,DF,0,100,0,0,0,0,0,0,0,0.0,0.0,0,0,1,11,3,36,31,86.11,0,0,0,0,0,1,100,2,0,0,0,0,0,0,,,,
Tomas Araujo,POR,DF,0,100,0,0,0,0,0,0,0,0.0,0.0,0,0,1,4,1,102,98,96.08,0,0,0,0,0,2,50,1,0,1,0,0,0,1,,,,
Mouhib Chamakh,TUN,GK,0,100,0,0,0,0,0,0,0,0.0,0.0,0,0,0,0,0,23,16,69.57,0,0,0,0,0,0,0,0,0,0,0,0,0,0,1.0,26.0,20.0,46.0
Joe Scally,USA,DF,0,100,0,0,0,0,0,0,0,0.0,0.0,0,0,4,19,4,53,46,86.79,4,25,0,2,50,0,0,0,2,0,0,0,1,0,,,,
Pervis Estupinan,ECU,DF,0,100,0,0,0,0,0,0,0,0.0,0.0,0,0,2,25,3,61,55,90.16,3,0,0,3,0,0,0,3,0,0,0,0,0,0,,,,
Oussama Benbot,ALG,GK,0,100,0,0,0,0,0,0,0,0.0,0.0,0,0,0,0,0,25,18,72.0,0,0,0,1,0,0,0,0,1,0,0,0,0,0,0.0,14.0,13.0,27.0
Nkosinathi Sibisi,RSA,DF,0,101,0,0,0,0,0,0,0,0.0,0.0,0,0,2,15,6,52,42,80.77,0,0,0,1,100,3,100,1,0,1,0,0,0,1,,,,
Zeki Amdouni,SUI,FW,0,101,0,0,1,0,0,1,0,0.0,0.0,0,0,3,49,8,11,8,72.73,0,0,3,0,0,0,0,5,4,0,0,0,0,0,,,,
Florian Grillitsch,AUT,MF,0,102,0,0,0,0,0,0,0,0.0,0.0,0,0,0,49,11,60,55,91.67,1,0,0,5,80,0,0,3,1,0,0,0,0,0,,,,
Dean Henderson,ENG,GK,0,102,0,0,0,0,0,0,0,0.0,0.0,0,0,0,0,0,41,32,78.05,0,0,0,0,0,0,0,0,0,0,0,0,0,0,6.0,26.0,22.0,48.0
Scott Mckenna,SCO,DF,0,102,0,0,0,0,0,0,0,0.0,0.0,0,0,3,3,3,52,49,94.23,0,0,0,1,0,1,100,0,0,0,0,0,0,0,,,,
Yunus Akgun,TUR,FW,0,103,0,0,0,0,0,0,0,0.0,0.0,0,0,3,12,4,52,41,78.85,2,50,1,2,0,0,0,2,1,1,0,0,0,1,,,,
Seko Fofana,CIV,MF,0,103,0,1,5,0,0,5,0,0.4,0.0,0,0,3,28,1,45,38,84.44,0,0,0,2,0,0,0,1,0,1,0,0,0,1,,,,
Ryan Thomas,NZL,MF,0,103,0,0,0,0,0,0,0,0.0,0.0,0,0,2,50,7,25,18,72.0,1,0,0,2,0,0,0,3,3,0,0,0,0,0,,,,
Ehsan Hajisafi,IRN,DF,0,104,0,0,1,0,0,1,0,0.08,0.0,0,0,1,27,2,20,11,55.0,2,0,1,2,0,1,100,2,1,1,0,0,0,1,,,,
Mohammad Ghorbani,IRN,MF,0,104,0,0,2,0,1,1,0,0.18,0.0,0,0,5,23,3,19,16,84.21,0,0,0,0,0,0,0,2,1,0,0,0,0,0,,,,
Nawaf Bu Washl,KSA,DF,0,104,0,0,0,0,0,0,0,0.0,0.0,0,0,3,27,4,46,35,76.09,0,0,0,1,0,0,0,1,1,0,0,0,0,0,,,,
Ozan Kabak,TUR,DF,0,104,0,0,0,0,0,0,0,0.0,0.0,0,0,3,10,7,36,26,72.22,0,0,2,2,0,0,0,3,0,0,0,0,0,0,,,,
Mark Mckenzie,USA,DF,0,104,0,0,0,0,0,0,0,0.0,0.0,0,0,2,9,1,51,47,92.16,0,0,0,1,0,0,0,1,1,0,0,0,0,0,,,,
Miles Robinson,USA,DF,0,104,0,0,1,0,1,0,1,0.06,0.0,0,0,6,11,5,58,54,93.1,0,0,0,0,0,1,100,2,0,0,0,0,0,0,,,,
Matt Turner,USA,GK,0,104,0,0,0,0,0,0,0,0.0,0.0,0,0,0,0,0,33,24,72.73,0,0,0,0,0,1,0,0,0,0,0,0,0,0,0.0,21.0,17.0,38.0
Frans Putros,IRQ,DF,0,105,0,0,0,0,0,0,0,0.0,0.0,0,0,1,26,5,28,26,92.86,1,0,0,2,100,1,100,2,0,0,0,0,0,0,,,,
Utkir Yusupov,UZB,GK,0,105,0,0,0,0,0,0,0,0.0,0.0,0,0,0,0,0,29,17,58.62,0,0,0,2,0,1,100,0,1,0,0,0,0,0,1.0,27.0,21.0,48.0
Yusuf Abdurisag,QAT,FW,0,105,0,0,0,0,0,0,0,0.0,0.0,0,0,8,60,8,14,9,64.29,0,0,1,3,0,0,0,1,2,0,0,0,0,0,,,,
Saleh Hardani,IRN,DF,0,107,0,0,0,0,0,0,0,0.0,0.0,0,0,5,46,6,29,21,72.41,1,0,0,0,0,0,0,0,2,0,0,0,0,0,,,,
Carney Chukwuemeka,AUT,MF,0,108,0,1,2,0,2,0,0,0.56,0.0,0,0,7,51,4,30,25,83.33,0,0,1,0,0,0,0,2,2,0,0,0,0,0,,,,
Shahriyar Moghanloo,IRN,FW,0,108,0,0,3,0,2,1,1,0.51,0.0,0,0,6,52,4,25,15,60.0,2,0,0,2,50,1,0,1,1,0,0,0,1,0,,,,
Jhon Cordoba,COL,FW,0,108,0,1,2,0,2,0,1,0.32,0.0,0,0,2,23,2,12,9,75.0,0,0,0,0,0,0,0,1,2,0,0,0,2,0,,,,
Jakhongir Urozov,UZB,DF,0,112,0,0,0,0,0,0,0,0.0,0.0,0,0,2,9,5,45,31,68.89,0,0,0,1,100,2,100,0,0,0,0,0,0,0,,,,
Ben Old,NZL,MF,0,112,0,0,0,0,0,0,0,0.0,0.0,0,0,2,28,4,33,25,75.76,1,0,1,2,0,0,0,0,1,0,0,0,0,0,,,,
Karim Boudiaf,QAT,MF,0,114,0,0,1,0,0,1,0,0.02,0.0,0,0,2,29,3,69,65,94.2,0,0,0,4,50,0,0,0,2,0,0,0,0,0,,,,
Ryan Christie,SCO,MF,0,114,0,0,2,0,1,1,0,0.15,0.0,0,0,3,52,8,35,29,82.86,1,100,0,1,100,0,0,2,1,1,0,0,0,1,,,,
Daniel Svensson,SWE,DF,0,114,0,0,1,0,0,1,0,0.01,0.0,1,0,8,24,3,46,38,82.61,2,50,0,3,33,0,0,0,0,0,0,0,1,0,,,,
Anis Hadj Moussa,ALG,FW,0,114,0,1,2,0,2,0,0,0.15,0.0,5,0,3,34,1,36,25,69.44,4,50,8,5,60,1,100,0,2,0,0,0,0,0,,,,
Marco Pasalic,CRO,FW,0,114,0,2,3,0,3,0,0,0.52,0.0,1,0,5,40,7,37,23,62.16,12,8,8,9,89,2,50,0,2,0,0,0,2,0,,,,
Miro Muheim,SUI,DF,0,115,0,0,0,0,0,0,0,0.0,0.0,0,1,3,16,1,40,31,77.5,3,0,0,5,20,0,0,1,3,1,0,0,0,1,,,,
Kieran Tierney,SCO,DF,0,115,0,0,2,0,2,0,0,0.06,0.0,0,0,12,31,6,48,36,75.0,7,43,0,1,100,2,50,3,2,0,0,0,0,0,,,,
Nicolas De La Cruz,URU,MF,0,115,0,2,4,0,1,3,0,0.11,0.0,4,0,7,36,6,55,45,81.82,4,50,0,7,43,4,100,2,3,1,0,0,0,1,,,,
Gustavo Caballero,PAR,MF,0,117,0,1,1,0,1,0,1,0.07,0.0,0,0,2,36,8,8,5,62.5,0,0,1,1,0,0,0,2,2,0,0,0,1,0,,,,
Jorgen Strand Larsen,NOR,FW,0,117,0,1,2,0,2,0,0,0.85,0.0,0,0,8,56,4,24,18,75.0,0,0,0,1,0,0,0,0,2,0,0,0,1,0,,,,
Santiago Gimenez,MEX,FW,0,117,0,1,2,0,2,0,0,0.34,0.0,0,0,3,27,3,13,7,53.85,0,0,0,0,0,0,0,1,3,0,0,0,0,0,,,,
Tyler Bindon,NZL,DF,0,120,0,1,2,0,2,0,1,0.33,0.0,0,0,4,13,4,68,49,72.06,0,0,1,6,33,2,50,2,1,0,0,0,0,0,,,,
Lee Taeseok,KOR,DF,0,120,0,0,0,0,0,0,0,0.0,0.0,0,0,4,25,5,45,39,86.67,9,33,1,4,75,1,100,3,1,0,0,0,0,0,,,,
Salih Ozcan,TUR,MF,0,120,0,0,0,0,0,0,0,0.0,0.0,0,0,5,33,12,61,52,85.25,1,0,0,3,33,2,100,2,2,0,0,0,0,0,,,,
Dostonbek Khamdamov,UZB,MF,0,120,0,0,2,0,1,1,1,0.08,0.0,2,0,9,74,6,34,29,85.29,5,60,1,1,0,0,0,1,0,0,0,0,1,0,,,,
Joao Paulo,CPV,MF,0,121,0,0,2,0,1,1,1,0.08,0.0,1,0,5,25,4,62,52,83.87,5,0,1,6,67,0,0,0,4,0,0,0,0,0,,,,
Samir El Mourabet,MAR,MF,0,121,0,0,0,0,0,0,0,0.0,0.0,1,0,6,33,5,110,100,90.91,1,0,1,4,50,1,100,0,1,0,0,0,0,0,,,,
Leon Goretzka,GER,MF,0,122,0,0,2,0,2,0,1,0.19,0.0,0,0,3,20,2,30,23,76.67,1,0,0,1,100,1,0,0,0,0,0,0,0,0,,,,
Hwang Heechan,KOR,MF,0,123,0,0,1,0,0,1,0,0.01,0.0,0,0,3,25,3,47,40,85.11,1,0,2,3,100,1,100,1,2,0,0,0,0,0,,,,
David Raum,GER,DF,0,123,0,1,1,0,1,0,0,0.04,0.0,2,0,18,29,8,52,44,84.62,14,21,1,4,50,1,0,2,0,0,0,0,0,0,,,,
Elias Saad,TUN,FW,0,124,0,0,1,0,0,1,0,0.06,0.0,1,0,6,53,3,29,22,75.86,2,0,1,1,100,0,0,1,3,0,0,0,1,0,,,,
Jaouen Hadjam,ALG,DF,0,125,0,0,1,0,0,1,0,0.02,0.0,0,0,8,19,5,67,56,83.58,0,0,5,1,0,0,0,0,0,0,0,0,0,0,,,,
Lee Jaesung,KOR,MF,0,125,0,1,2,0,2,0,1,0.14,0.0,0,0,10,46,6,59,46,77.97,1,0,0,2,100,1,0,1,4,0,0,0,1,0,,,,
Igor Matanovic,CRO,FW,0,125,0,2,4,0,3,1,2,0.12,0.0,0,0,6,49,10,14,11,78.57,0,0,2,0,0,0,0,4,3,0,0,0,1,0,,,,
Jacob Shaffelburg,CAN,MF,0,126,0,0,3,0,2,1,0,0.09,0.0,0,0,5,22,6,41,37,90.24,19,16,0,6,50,0,0,2,1,0,0,0,0,0,,,,
Ramiz Zerrouki,ALG,MF,0,126,0,0,0,0,0,0,0,0.0,0.0,0,0,4,23,5,105,97,92.38,0,0,0,2,100,5,100,4,0,1,0,0,0,1,,,,
Marcos Senesi,ARG,DF,0,126,0,0,2,0,2,0,1,0.84,0.0,0,0,0,4,3,79,75,94.94,0,0,0,1,0,0,0,0,3,0,0,0,0,0,,,,
Zaid Ismael,IRQ,MF,0,126,0,0,0,0,0,0,0,0.0,0.0,0,0,3,52,17,71,63,88.73,0,0,1,0,0,1,0,2,0,0,0,0,0,0,,,,
Amadou Onana,BEL,MF,0,127,0,0,2,0,0,2,0,0.07,0.0,0,0,25,26,9,64,57,89.06,0,0,1,1,100,0,0,1,3,0,0,0,0,0,,,,
Elye Wahi,CIV,FW,0,127,0,2,3,0,3,0,0,0.48,0.0,0,0,5,60,3,21,15,71.43,1,0,0,3,33,0,0,0,0,0,0,0,0,0,,,,
Warren Zaire Emery,FRA,MF,0,128,0,0,1,0,0,1,0,0.04,0.0,0,0,2,49,14,70,66,94.29,1,0,0,1,0,0,0,1,0,0,0,0,0,0,,,,
Louicius Deedson,HAI,FW,0,129,0,0,2,0,1,1,0,0.05,0.0,1,0,3,30,4,15,13,86.67,5,20,5,5,60,0,0,3,1,0,0,0,1,0,,,,
Jayden Adams,RSA,MF,0,130,0,0,0,0,0,0,0,0.0,0.0,0,0,2,43,2,44,40,90.91,0,0,0,2,50,2,100,0,0,0,0,0,0,0,,,,
Mert Muldur,TUR,DF,0,132,0,0,3,0,3,0,3,0.22,0.0,0,0,1,10,5,81,72,88.89,6,17,0,4,100,0,0,1,2,0,0,0,0,0,,,,
Bernardo Silva,POR,MF,0,133,0,0,1,0,1,0,1,0.22,0.0,1,0,5,37,6,59,55,93.22,0,0,1,0,0,0,0,3,0,2,0,0,0,2,,,,
Eren Elmali,TUR,DF,0,134,0,0,0,0,0,0,0,0.0,0.0,0,0,4,26,3,59,52,88.14,4,25,2,1,100,1,100,2,1,1,0,0,0,1,,,,
Homam Ahmed,QAT,DF,0,134,0,0,1,0,0,1,0,0.0,0.0,0,0,3,45,6,33,25,75.76,3,33,1,2,50,0,0,4,0,0,1,0,0,3,,,,
Lenny Joseph,HAI,FW,0,134,0,0,2,0,2,0,0,0.33,0.0,0,0,4,43,5,20,13,65.0,0,0,5,3,33,1,100,6,1,0,0,0,0,0,,,,
Ahmed Qasem,IRQ,FW,0,135,0,0,0,0,0,0,0,0.0,0.0,0,0,3,81,6,16,13,81.25,1,0,0,1,100,0,0,0,1,0,0,0,0,0,,,,
Kamaldeen Sulemana,GHA,FW,0,136,0,0,1,0,0,1,0,0.01,0.0,0,0,3,62,8,31,27,87.1,4,75,4,4,75,3,100,2,1,0,0,0,1,0,,,,
Angelo Preciado,ECU,DF,0,137,0,0,0,0,0,0,0,0.0,0.0,0,0,4,29,3,47,32,68.09,8,13,1,5,20,1,100,0,1,0,0,0,0,0,,,,
Lukas Provod,CZE,MF,0,137,0,0,1,0,0,1,0,0.05,0.0,0,0,9,49,5,48,37,77.08,2,50,1,3,100,0,0,2,1,0,0,0,1,0,,,,
Inaki Williams,GHA,FW,0,140,0,0,3,0,1,2,0,0.06,0.0,0,0,3,43,3,23,15,65.22,4,25,1,3,67,0,0,2,1,1,0,0,1,1,,,,
Assim Madibo,QAT,MF,0,140,0,0,0,0,0,0,0,0.0,0.0,0,0,2,51,7,33,27,81.82,0,0,1,1,0,0,0,2,1,0,1,0,0,3,,,,
Azizjon Ganiev,UZB,MF,0,140,0,0,1,0,0,1,0,0.01,0.0,1,0,6,79,11,59,48,81.36,6,0,1,3,0,1,100,2,1,0,0,0,0,0,,,,
Ismael Gharbi,TUN,MF,0,142,0,0,3,0,2,1,0,0.26,0.0,1,0,3,62,9,36,35,97.22,1,0,1,0,0,0,0,0,2,0,0,0,0,0,,,,
Jaroslav Zeleny,CZE,DF,0,142,0,0,1,0,1,0,1,0.02,0.0,0,0,6,36,3,47,35,74.47,2,50,1,1,0,0,0,0,2,0,0,0,0,0,,,,
Hicham Boudaoui,ALG,MF,0,143,0,0,0,0,0,0,0,0.0,0.0,0,0,6,54,8,86,83,96.51,0,0,1,4,75,1,100,4,1,1,0,0,0,1,,,,
Malo Gusto,FRA,DF,0,143,0,0,0,0,0,0,0,0.0,0.0,0,0,4,31,13,76,69,90.79,3,33,0,0,0,1,100,4,2,0,0,0,0,0,,,,
Raphinha,BRA,FW,0,143,0,2,3,0,1,2,0,0.34,0.0,7,0,10,59,7,44,30,68.18,10,30,2,4,25,0,0,1,2,0,0,0,2,0,,,,
Kerem Akturkoglu,TUR,FW,0,143,0,1,3,0,2,1,0,0.59,0.0,0,0,10,38,2,15,9,60.0,2,50,0,0,0,0,0,0,2,0,0,0,0,0,,,,
Kenny Mclean,SCO,MF,0,144,0,0,1,0,0,1,0,0.01,0.0,0,0,4,31,6,63,56,88.89,2,50,1,2,100,0,0,1,1,1,0,0,0,1,,,,
Ali Jasim,IRQ,FW,0,144,0,1,4,0,0,4,0,0.11,0.0,3,0,27,58,8,36,29,80.56,5,0,1,4,75,1,100,1,0,0,0,0,0,0,,,,
Teun Koopmeiners,NED,MF,0,145,0,0,2,0,2,0,1,0.11,0.0,3,0,8,44,9,63,54,85.71,4,50,0,2,50,2,100,3,0,0,0,0,0,0,,,,
Endrick,BRA,FW,0,146,0,0,3,0,2,1,0,0.68,0.0,0,0,3,53,5,20,16,80.0,1,0,1,4,25,0,0,1,1,0,0,0,1,0,,,,
Jesper Karlstrom,SWE,MF,0,147,0,0,1,0,1,0,0,0.05,0.0,0,0,7,38,7,37,31,83.78,0,0,1,2,50,0,0,3,0,0,0,0,0,0,,,,
Niko Sigur,CAN,DF,0,147,0,0,1,0,0,1,0,0.04,0.0,0,0,4,39,9,64,52,81.25,4,25,0,8,63,1,100,5,1,1,0,0,0,1,,,,
Jovane Cabral,CPV,MF,0,148,0,0,2,0,0,2,0,0.05,0.0,0,0,14,86,7,34,27,79.41,1,0,3,2,50,0,0,1,2,0,0,0,0,0,,,,
Ahmed Basil,IRQ,GK,0,149,0,0,0,0,0,0,0,0.0,0.0,0,0,0,0,0,71,42,59.15,0,0,0,3,0,0,0,0,1,0,0,0,0,0,3.0,43.0,36.0,79.0
Benjamin Nygren,SWE,MF,0,149,0,0,1,0,0,1,0,0.03,0.0,3,0,4,71,13,50,46,92.0,6,33,2,4,50,0,0,3,0,0,0,0,0,0,,,,
Cameron Burgess,AUS,DF,0,152,0,0,0,0,0,0,0,0.0,0.0,0,1,2,14,9,56,45,80.36,0,0,0,2,50,1,0,0,0,0,0,0,0,0,,,,
Tomas Soucek,CZE,MF,0,152,0,0,1,0,1,0,0,0.12,0.0,0,0,4,42,5,44,35,79.55,0,0,0,2,50,0,0,3,1,0,0,0,2,0,,,,
Mahmoud Almardi,JOR,FW,0,152,0,1,1,0,1,0,0,0.02,0.0,1,0,6,90,16,39,32,82.05,7,14,3,5,60,0,0,4,2,0,0,0,0,0,,,,
Ismail Yuksek,TUR,MF,0,153,0,0,5,0,3,2,1,0.32,0.0,0,0,16,34,13,111,104,93.69,1,0,3,2,50,2,100,2,0,0,0,0,0,0,,,,
Mohammed Abu Alshamat,KSA,DF,0,153,0,1,1,0,1,0,0,0.02,0.0,0,0,10,67,16,64,51,79.69,3,0,0,4,25,1,0,2,1,0,0,0,0,0,,,,
Hossein Kanani,IRN,DF,0,154,0,1,1,0,1,0,0,0.02,0.0,0,0,2,17,5,34,33,97.06,0,0,0,0,0,3,67,1,0,1,0,0,0,1,,,,
Jalal Hassan,IRQ,GK,0,154,0,0,0,0,0,0,0,0.0,0.0,0,0,0,0,0,51,33,64.71,0,0,0,0,0,0,0,0,1,0,0,0,0,0,7.0,51.0,45.0,96.0
Lawrence Ati Zigi,GHA,GK,0,155,0,0,0,0,0,0,0,0.0,0.0,0,0,0,0,0,52,39,75.0,0,0,0,2,0,0,0,0,1,0,0,0,0,0,8.0,31.0,30.0,61.0
Khojiakbar Alijonov,UZB,DF,0,155,0,0,0,0,0,0,0,0.0,0.0,0,0,4,76,11,41,27,65.85,4,0,3,2,0,1,0,2,1,0,0,0,0,0,,,,
Willy Semedo,CPV,MF,0,156,0,0,3,0,2,1,0,0.06,0.0,0,0,6,57,6,33,30,90.91,2,0,1,1,0,0,0,4,2,0,0,0,0,0,,,,
Mario Pasalic,CRO,MF,0,158,0,1,4,0,1,3,1,0.36,0.0,0,0,7,23,8,50,45,90.0,0,0,0,1,100,0,0,2,0,0,0,0,1,0,,,,
Che Adams,SCO,FW,0,160,0,1,1,0,1,0,0,0.15,0.0,0,0,6,73,4,19,12,63.16,0,0,0,2,0,0,0,4,2,0,0,0,0,0,,,,
Phillip Mwene,AUT,DF,0,160,0,0,1,0,1,0,0,0.0,0.0,0,0,3,32,8,64,56,87.5,6,0,0,2,50,0,0,1,1,0,0,0,0,0,,,,
Ismael Kone,CAN,MF,0,160,0,0,2,0,1,1,0,0.04,0.0,0,0,8,25,5,108,93,86.11,2,0,2,0,0,0,0,1,3,0,0,0,0,0,,,,
Rani Khedira,TUN,MF,0,162,0,0,1,0,0,1,0,0.06,0.0,0,0,6,49,10,30,25,83.33,1,0,0,2,50,0,0,3,0,1,0,0,0,1,,,,
Abdul Fatawu,GHA,FW,0,163,0,0,3,0,1,2,0,0.1,0.0,2,0,11,50,5,22,18,81.82,7,14,7,8,50,1,100,1,8,1,0,0,0,1,,,,
Ahmed Fathy,QAT,MF,0,163,0,0,0,0,0,0,0,0.0,0.0,0,0,10,73,10,65,59,90.77,0,0,0,2,0,1,100,2,1,2,0,0,0,2,,,,
Nathanael Mbuku,COD,MF,0,163,0,2,3,0,0,3,0,0.13,0.0,5,0,6,67,8,45,35,77.78,14,21,4,6,83,0,0,4,8,1,0,0,0,1,,,,
Francisco Conceicao,POR,FW,0,163,0,0,2,0,2,0,0,0.17,0.0,0,0,9,35,4,73,65,89.04,5,40,4,7,86,0,0,1,1,0,0,0,1,0,,,,
Odeh Fakhoury,JOR,FW,0,163,0,1,2,0,0,2,0,0.08,0.0,2,0,7,99,5,21,17,80.95,1,0,1,0,0,1,100,2,4,0,0,0,1,0,,,,
Nelson Semedo,POR,DF,0,164,0,0,0,0,0,0,0,0.0,0.0,0,0,6,31,3,91,84,92.31,5,0,3,3,0,0,0,2,2,1,0,0,0,1,,,,
Zaid Tahseen,IRQ,DF,0,165,0,0,2,0,1,1,1,0.21,0.0,0,0,1,6,2,64,53,82.81,0,0,0,3,0,1,100,3,2,1,0,0,0,1,,,,
Elisha Owusu,GHA,MF,0,166,0,0,0,0,0,0,0,0.0,0.0,0,0,5,55,10,58,50,86.21,4,25,2,1,0,0,0,2,0,0,0,0,0,0,,,,
Jassem Gaber,QAT,DF,0,166,0,0,0,0,0,0,0,0.0,0.0,0,0,13,85,14,32,25,78.12,0,0,0,1,100,1,100,7,0,1,0,0,0,1,,,,
Sultan Albrake,QAT,DF,0,167,0,0,0,0,0,0,0,0.0,0.0,0,0,2,50,4,42,33,78.57,3,33,0,3,0,1,100,2,0,0,0,0,0,0,,,,
Musab Aljuwayr,KSA,MF,0,167,0,0,0,0,0,0,0,0.0,0.0,7,0,5,107,8,79,64,81.01,7,43,1,7,43,0,0,1,1,0,0,0,2,0,,,,
Frantzdy Pierrot,HAI,FW,0,168,0,1,3,0,3,0,1,0.25,0.0,0,0,3,41,3,17,13,76.47,0,0,0,0,0,0,0,5,4,1,0,0,2,1,,,,
Rayan Cherki,FRA,MF,0,169,0,1,1,0,0,1,0,0.08,0.0,2,0,11,119,10,104,89,85.58,3,0,1,10,60,1,100,2,2,0,0,0,0,0,,,,
Tomas Holes,CZE,DF,0,169,0,0,0,0,0,0,0,0.0,0.0,0,0,8,37,7,66,55,83.33,0,0,1,1,0,3,100,2,2,0,0,0,0,0,,,,
Gabriel Avalos,PAR,FW,0,170,0,0,1,0,1,0,0,0.05,0.0,0,0,5,46,5,23,12,52.17,0,0,0,4,25,0,0,1,2,0,0,0,0,0,,,,
Ayoub Aloui,QAT,DF,0,170,0,0,0,0,0,0,0,0.0,0.0,0,0,2,38,5,28,11,39.29,1,0,0,4,0,0,0,1,0,0,0,0,0,0,,,,
Carlens Arcus,HAI,DF,0,171,0,0,0,0,0,0,0,0.0,0.0,0,0,12,34,11,61,54,88.52,2,50,0,1,0,0,0,5,3,1,0,0,2,1,,,,
Adam Hlozek,CZE,FW,0,172,0,1,3,0,2,1,0,0.31,0.0,0,0,6,92,7,26,18,69.23,1,100,3,1,100,0,0,4,4,0,0,0,0,0,,,,
Lukas Cerv,CZE,MF,0,172,0,2,3,0,1,2,0,0.06,0.0,0,0,6,27,11,42,36,85.71,1,0,1,2,0,1,100,3,3,0,0,0,0,0,,,,
Edouard Mendy,SEN,GK,0,172,0,0,0,0,0,0,0,0.0,0.0,0,0,0,0,0,60,49,81.67,0,0,0,0,0,1,100,0,0,0,0,0,0,0,8.0,34.0,25.0,59.0
Zeki Celik,TUR,DF,0,173,0,1,1,0,1,0,0,0.1,0.0,1,0,5,35,9,79,70,88.61,1,0,0,1,100,1,100,1,0,0,0,0,0,0,,,,
Callum Mccowatt,NZL,MF,0,173,0,3,4,0,3,1,1,0.21,0.0,0,0,9,55,11,93,78,83.87,2,0,1,3,33,0,0,4,1,1,0,0,0,1,,,,
Hussein Ali,IRQ,DF,0,174,0,0,1,0,1,0,0,0.01,0.0,0,0,9,20,3,40,32,80.0,2,0,0,2,100,0,0,1,0,0,0,0,1,0,,,,
Sofyan Amrabat,MAR,MF,0,175,0,0,0,0,0,0,0,0.0,0.0,0,0,10,49,16,106,98,92.45,0,0,0,3,67,2,100,4,2,0,0,0,0,0,,,,
Richard Rios,COL,MF,0,175,0,1,5,0,2,3,1,0.37,0.0,0,0,4,55,24,56,47,83.93,2,0,3,1,100,1,100,10,4,1,0,0,0,1,,,,
Jose Fajardo,PAN,FW,0,176,0,0,1,0,1,0,1,0.25,0.0,0,0,18,99,19,18,11,61.11,0,0,0,1,100,0,0,4,3,1,0,0,1,1,,,,
Liam Millar,CAN,MF,0,176,0,0,1,0,1,0,1,0.04,0.0,0,0,3,44,12,67,50,74.63,10,20,4,8,50,0,0,3,1,1,0,0,0,1,,,,
Michel Aebischer,SUI,MF,0,176,0,1,2,0,2,0,1,0.34,0.0,5,0,8,52,6,76,66,86.84,6,0,2,3,33,0,0,3,2,0,0,0,0,0,,,,
Edo Kayembe,COD,MF,0,177,0,1,2,0,0,2,0,0.1,0.0,0,0,20,116,20,41,35,85.37,2,0,2,1,0,0,0,5,3,0,0,0,0,0,,,,
Josko Gvardiol,CRO,DF,0,177,0,0,1,0,1,0,0,0.18,0.0,0,0,2,24,6,89,77,86.52,0,0,0,7,57,2,50,2,3,0,0,0,0,0,,,,
Ali Lajami,KSA,DF,0,177,0,0,0,0,0,0,0,0.0,0.0,0,0,3,7,3,68,56,82.35,0,0,0,4,75,5,80,0,2,0,0,0,0,0,,,,
Ferdi Kadioglu,TUR,DF,0,179,0,0,1,0,0,1,0,0.04,0.0,0,0,0,16,7,175,161,92.0,4,0,1,9,78,1,0,0,3,0,0,0,0,0,,,,
Cristian Volpato,AUS,FW,0,180,0,1,4,0,2,2,0,0.28,0.0,7,0,11,64,4,66,52,78.79,13,23,11,9,56,0,0,1,2,0,0,0,0,0,,,,
Jurien Gaari,CUW,DF,0,180,0,0,2,0,1,1,1,0.11,0.0,0,0,8,30,14,54,41,75.93,0,0,0,1,0,0,0,4,1,1,0,0,0,1,,,,
Nuno Da Costa,CPV,MF,0,180,0,0,1,0,1,0,0,0.07,0.0,0,0,6,61,3,23,18,78.26,1,0,2,5,40,0,0,0,3,0,0,0,0,0,,,,
Kalidou Koulibaly,SEN,DF,0,181,0,0,0,0,0,0,0,0.0,0.0,0,0,3,21,5,83,73,87.95,0,0,0,1,0,3,100,0,0,0,0,0,0,0,,,,
Yukinari Sugawara,JPN,DF,0,181,0,2,2,0,1,1,0,0.09,0.0,0,0,5,36,4,73,52,71.23,5,20,1,4,25,2,50,3,1,0,0,0,0,0,,,,
Iqraam Rayners,RSA,FW,0,182,0,0,1,0,1,0,1,0.11,0.0,0,0,7,83,2,24,21,87.5,2,0,0,3,33,0,0,1,1,0,0,0,2,0,,,,
Darwin Nunez,URU,FW,0,182,0,0,2,0,1,1,1,0.2,0.0,0,0,6,95,2,25,20,80.0,3,33,1,3,100,1,100,1,1,0,0,0,2,0,,,,
Mohamed Toure,AUS,FW,0,182,0,1,4,0,4,0,1,0.26,0.0,0,0,3,86,5,16,12,75.0,2,0,2,2,50,0,0,4,2,0,0,0,1,0,,,,
Jacob Italiano,AUS,DF,0,183,0,0,1,0,0,1,0,0.03,0.0,0,0,6,83,14,43,33,76.74,9,33,4,2,50,2,100,0,0,1,0,0,0,1,,,,
Elliot Stroud,SWE,DF,0,183,0,0,1,0,1,0,0,0.09,0.0,3,0,9,61,7,49,38,77.55,6,33,3,6,50,0,0,3,1,0,0,0,0,0,,,,
Lawrence Shankland,SCO,FW,0,183,0,0,4,0,4,0,2,0.35,0.0,0,0,4,61,9,34,20,58.82,0,0,0,2,0,0,0,5,3,0,0,0,1,0,,,,
Son Heungmin,KOR,FW,0,183,0,1,7,0,4,3,0,0.81,0.0,3,0,9,54,0,58,49,84.48,3,33,4,2,50,0,0,0,4,0,0,0,2,0,,,,
Relebohile Mofokeng,RSA,FW,0,184,0,1,3,0,0,3,0,0.12,0.0,1,0,18,107,13,54,44,81.48,2,0,0,6,50,2,100,3,2,0,0,0,0,0,,,,
Jiovany Ramos,PAN,DF,0,186,0,0,2,0,1,1,0,0.15,0.0,0,0,3,29,18,121,108,89.26,0,0,3,2,0,2,50,2,1,0,0,0,0,0,,,,
Cesar Blackman,PAN,DF,0,187,0,1,2,0,2,0,0,0.08,0.0,0,0,7,41,12,79,69,87.34,0,0,4,2,100,0,0,2,2,1,0,0,1,1,,,,
Laros Duarte,CPV,MF,0,187,0,3,3,0,2,1,0,0.7,0.0,1,0,13,97,4,41,33,80.49,2,100,6,2,50,0,0,0,2,0,0,0,0,0,,,,
Nathan Ake,NED,DF,0,189,0,0,1,0,1,0,1,0.14,0.0,0,0,8,19,4,123,112,91.06,1,0,0,3,0,0,0,2,2,0,0,0,0,0,,,,
Husam Abudahab,JOR,DF,0,190,0,0,0,0,0,0,0,0.0,0.0,0,0,4,42,14,58,43,74.14,0,0,0,1,100,0,0,2,1,1,0,0,0,1,,,,
Joshua Brenet,CUW,DF,0,193,0,0,0,0,0,0,0,0.0,0.0,0,0,17,65,6,63,49,77.78,1,0,2,3,33,0,0,0,1,0,0,0,1,0,,,,
Dodi Lukebakio,BEL,FW,0,194,0,1,7,0,5,2,1,0.41,0.0,0,0,6,67,3,55,44,80.0,7,14,10,6,83,1,100,1,2,0,0,0,0,0,,,,
Edin Dzeko,BIH,FW,0,196,0,0,3,0,3,0,0,0.2,0.0,0,0,4,69,1,48,33,68.75,2,50,2,3,67,1,100,1,2,1,0,0,0,1,,,,
Donyell Malen,NED,FW,0,197,0,2,4,0,2,2,1,0.22,0.0,0,0,8,47,7,34,27,79.41,8,25,5,5,60,0,0,0,2,0,0,0,0,0,,,,
Manuel Ugarte,URU,MF,0,197,0,1,3,0,0,3,0,0.09,0.0,0,0,3,40,17,136,118,86.76,0,0,0,4,50,1,0,1,0,0,0,0,0,0,,,,
Aymen Dahmen,TUN,GK,0,198,0,0,0,0,0,0,0,0.0,0.0,0,0,0,0,0,48,24,50.0,0,0,0,1,100,1,0,0,1,0,0,0,0,0,6.0,51.0,44.0,95.0
Jose Canale,PAR,DF,0,198,0,0,0,0,0,0,0,0.0,0.0,0,0,2,17,4,27,18,66.67,1,0,0,1,0,0,0,1,2,0,0,0,0,0,,,,
Dailon Livramento,CPV,FW,0,198,0,0,1,0,0,1,0,0.0,0.0,0,0,8,93,4,19,15,78.95,3,33,1,0,0,0,0,1,1,0,0,0,2,0,,,,
Patrik Schick,CZE,FW,0,199,0,1,2,0,2,0,2,0.27,0.0,0,0,7,74,4,28,24,85.71,0,0,1,3,33,0,0,1,3,0,0,0,0,0,,,,
Jacob Widell Zetterstrom,SWE,GK,0,200,0,0,0,0,0,0,0,0.0,0.0,0,0,0,0,0,73,39,53.42,0,0,0,6,17,0,0,0,0,0,0,0,0,0,12.0,54.0,46.0,100.0
Kristoffer Nordfeldt,SWE,GK,0,200,0,0,0,0,0,0,0,0.0,0.0,0,0,0,0,0,66,45,68.18,0,0,0,3,67,1,100,0,0,0,0,0,0,0,4.0,22.0,20.0,42.0
Ali Alhamadi,IRQ,FW,0,201,0,0,6,0,4,2,2,0.95,0.0,0,0,13,71,11,35,26,74.29,0,0,1,0,0,0,0,1,5,0,0,0,0,0,,,,
Steve Kapuadi,COD,DF,0,201,0,0,1,0,1,0,1,0.08,0.0,0,0,6,18,6,55,46,83.64,0,0,0,0,0,1,0,2,0,0,0,0,0,0,,,,
El Hadji Malick Diouf,SEN,DF,0,202,0,0,0,0,0,0,0,0.0,0.0,5,0,14,37,5,89,74,83.15,9,33,0,7,71,0,0,2,0,0,0,0,0,0,,,,
Behruzjon Karimov,UZB,DF,0,203,0,0,2,0,0,2,0,0.03,0.0,0,0,5,55,7,55,43,78.18,2,50,5,3,33,2,0,8,4,0,0,0,0,0,,,,
Abdullah Alkhaibari,KSA,MF,0,203,0,0,1,0,0,1,0,0.01,0.0,0,0,8,81,7,58,48,82.76,0,0,1,1,0,0,0,0,2,0,0,0,0,0,,,,
Grant Hanley,SCO,DF,0,203,0,0,0,0,0,0,0,0.0,0.0,0,0,2,11,2,101,94,93.07,0,0,0,5,40,3,100,1,0,0,0,0,1,0,,,,
Nathan Patterson,SCO,DF,0,204,0,0,0,0,0,0,0,0.0,0.0,0,0,7,37,9,109,94,86.24,2,0,1,3,0,1,100,2,0,0,0,0,0,0,,,,
Ben Gannon Doak,SCO,FW,0,204,0,0,4,0,2,2,0,0.14,0.0,0,0,13,71,6,52,47,90.38,7,29,3,1,100,0,0,3,1,0,0,0,0,0,,,,
Sherzod Nasrullaev,UZB,DF,0,206,0,1,1,0,1,0,0,0.08,0.0,0,0,5,42,9,48,35,72.92,3,0,1,5,0,0,0,3,2,1,0,0,0,1,,,,
Abduvohid Nematov,UZB,GK,0,206,0,0,0,0,0,0,0,0.0,0.0,0,1,0,0,0,56,28,50.0,0,0,0,4,0,0,0,0,0,0,0,0,0,0,5.0,55.0,44.0,99.0
Abdulla Abdullaev,UZB,DF,0,206,0,0,0,0,0,0,0,0.0,0.0,0,0,7,22,7,72,65,90.28,0,0,1,1,100,0,0,5,1,0,0,0,0,0,,,,
Philipp Lienhart,AUT,DF,0,207,0,0,1,0,1,0,0,0.1,0.0,0,0,1,11,4,140,128,91.43,0,0,0,3,67,1,100,0,0,0,0,0,0,0,,,,
Takehiro Tomiyasu,JPN,DF,0,208,0,0,1,0,1,0,0,0.2,0.0,0,0,4,24,11,127,109,85.83,1,0,1,6,33,2,0,5,2,0,0,0,0,0,,,,
Redouane Halhal,MAR,DF,0,208,0,0,0,0,0,0,0,0.0,0.0,0,0,4,12,9,119,113,94.96,0,0,0,0,0,1,100,3,5,1,0,0,1,1,,,,
Josue Casimir,HAI,FW,0,208,0,0,1,0,0,1,0,0.01,0.0,0,0,9,81,13,52,43,82.69,2,0,2,3,33,0,0,4,4,1,0,0,0,1,,,,
Hakan Calhanoglu,TUR,MF,0,208,0,2,11,0,2,9,0,0.4,0.0,8,0,11,28,5,190,171,90.0,10,10,0,5,60,7,86,2,1,0,0,0,0,0,,,,
Merih Demiral,TUR,DF,0,208,0,2,6,0,3,3,2,0.24,0.0,0,0,3,9,3,124,119,95.97,1,0,0,5,40,2,100,2,1,0,0,0,3,0,,,,
Jarell Quansah,ENG,DF,0,208,0,0,0,0,0,0,0,0.0,0.0,0,0,30,38,18,106,92,86.79,1,0,0,2,50,1,0,2,2,1,1,0,0,4,,,,
Pavel Sulc,CZE,FW,0,209,0,0,2,0,0,2,0,0.03,0.0,0,0,6,104,12,51,39,76.47,1,100,2,3,0,0,0,2,1,0,0,0,1,0,,,,
Zidane Iqbal,IRQ,MF,0,210,0,0,0,0,0,0,0,0.0,0.0,1,0,6,59,10,128,118,92.19,1,100,5,2,50,5,100,1,2,0,0,0,0,0,,,,
Cedric Bakambu,COD,FW,0,210,0,0,3,0,1,2,1,0.24,0.0,0,0,7,80,4,23,16,69.57,1,0,2,1,0,0,0,2,1,0,0,0,4,0,,,,
Silvan Widmer,SUI,DF,0,210,0,0,0,0,0,0,0,0.0,0.0,0,0,11,59,13,73,57,78.08,4,25,0,5,40,1,100,2,0,0,0,0,0,0,,,,
Stjepan Radeljic,BIH,DF,0,211,0,0,1,0,1,0,0,0.01,0.0,0,0,1,9,4,153,137,89.54,0,0,0,2,100,2,50,1,3,1,0,0,0,1,,,,
Federico Vinas,URU,FW,0,211,0,3,6,0,6,0,5,0.39,0.0,0,0,12,63,6,29,18,62.07,0,0,0,1,0,0,0,3,3,0,0,0,3,0,,,,
Moteb Alharbi,KSA,DF,0,213,0,0,0,0,0,0,0,0.0,0.0,0,0,11,64,2,77,57,74.03,2,0,1,5,20,0,0,0,4,0,0,0,0,0,,,,
Paik Seungho,KOR,MF,0,216,0,0,0,0,0,0,0,0.0,0.0,0,0,2,31,5,152,135,88.82,1,0,0,7,43,1,100,1,2,1,0,0,0,1,,,,
Damian Bobadilla,PAR,MF,0,216,0,0,0,0,0,0,0,0.0,0.0,0,1,5,95,22,32,24,75.0,1,100,0,1,0,1,100,1,1,0,0,0,0,0,,,,
Giuliano Simeone,ARG,FW,0,217,0,0,1,0,1,0,0,0.05,0.0,0,0,11,74,14,82,70,85.37,6,0,1,3,100,0,0,9,1,0,0,0,1,0,,,,
Joao Felix,POR,FW,0,218,0,1,6,0,4,2,1,0.62,0.0,0,0,23,99,14,60,47,78.33,4,0,5,9,33,0,0,3,6,0,0,0,0,0,,,,
Ngalayel Mukau,COD,MF,0,220,0,0,1,0,0,1,0,0.06,0.0,0,0,10,125,9,69,60,86.96,0,0,1,1,100,0,0,3,4,0,0,0,1,0,,,,
Moise Bombito,CAN,DF,0,221,0,1,1,0,1,0,1,0.2,0.0,0,0,4,11,2,111,96,86.49,0,0,0,4,50,1,100,2,0,0,0,0,0,0,,,,
Ivan Sunjic,BIH,MF,0,221,0,1,1,0,0,1,0,0.09,0.0,0,0,20,78,21,102,88,86.27,1,0,0,2,0,1,0,7,0,0,0,0,0,0,,,,
Mohamed Amine Ben Hmida,TUN,DF,0,221,0,0,0,0,0,0,0,0.0,0.0,0,0,7,30,11,98,81,82.65,0,0,0,1,0,1,0,3,1,0,0,0,0,0,,,,
Ao Tanaka,JPN,MF,0,225,0,0,2,0,0,2,0,0.16,0.0,0,0,12,89,34,160,145,90.62,0,0,3,1,0,0,0,6,2,0,0,0,0,0,,,,
Brian Gutierrez,MEX,MF,0,226,0,0,6,0,3,3,0,0.35,0.0,3,0,16,69,9,60,53,88.33,6,0,1,2,50,1,100,5,3,1,0,0,0,1,,,,
Sarpreet Singh,NZL,MF,0,227,0,2,4,0,2,2,0,0.22,0.0,0,0,10,104,7,76,58,76.32,7,0,3,6,17,2,100,2,2,1,0,0,0,1,,,,
Saman Ghoddos,IRN,MF,0,228,0,0,4,0,2,2,0,0.16,0.0,0,0,9,102,18,64,45,70.31,1,100,3,6,50,2,100,3,0,0,0,0,1,0,,,,
Nasser Aldawsari,KSA,MF,0,230,0,0,1,0,0,1,0,0.01,0.0,0,0,8,106,19,107,92,85.98,1,0,5,2,50,1,0,7,2,1,0,0,0,1,,,,
Pathe Ciss,SEN,MF,0,232,0,1,2,0,1,1,1,0.2,0.0,0,0,3,11,5,139,128,92.09,0,0,0,0,0,8,75,1,0,0,0,0,0,0,,,,
Lucas Herrington,AUS,DF,0,232,0,0,0,0,0,0,0,0.0,0.0,0,0,4,11,4,106,101,95.28,0,0,0,0,0,0,0,2,0,0,0,0,0,0,,,,
Alexander Bernhardsson,SWE,DF,0,233,0,1,1,0,0,1,0,0.05,0.0,0,0,14,81,9,67,51,76.12,3,0,4,3,67,1,100,2,5,0,0,0,0,0,,,,
Milad Mohammadi,IRN,DF,0,235,0,1,1,0,1,0,0,0.06,0.0,0,0,23,62,22,80,66,82.5,4,0,6,4,75,0,0,1,1,0,0,0,2,0,,,,
Gilberto Mora,MEX,MF,0,236,0,0,5,0,3,2,0,0.13,0.0,2,0,15,96,9,87,79,90.8,5,20,2,5,80,1,100,3,3,0,0,0,0,0,,,,
Michael Boxall,NZL,DF,0,237,0,0,0,0,0,0,0,0.0,0.0,0,0,4,21,12,115,104,90.43,1,100,0,0,0,0,0,2,2,0,0,0,0,0,,,,
Ruben Providence,HAI,FW,0,237,0,1,4,0,4,0,0,0.19,0.0,1,0,7,100,9,48,42,87.5,7,29,4,3,67,0,0,3,4,0,0,0,0,0,,,,
Israel Reyes,MEX,DF,0,237,0,0,2,0,2,0,1,0.06,0.0,0,0,3,11,2,102,93,91.18,2,50,0,2,0,6,67,1,0,0,0,0,0,0,,,,
Juan Manuel Sanabria,URU,MF,0,237,0,0,3,0,2,1,0,0.09,0.0,0,0,9,51,12,103,89,86.41,12,0,0,4,75,0,0,1,0,1,0,0,1,1,,,,
Liberato Cacace,NZL,DF,0,237,0,1,1,0,1,0,0,0.02,0.0,2,0,9,59,8,88,75,85.23,6,17,2,4,25,0,0,1,5,0,0,0,0,0,,,,
Isak Hien,SWE,DF,0,237,0,0,0,0,0,0,0,0.0,0.0,0,0,13,13,8,128,122,95.31,0,0,0,1,0,1,100,3,3,1,0,0,0,1,,,,
Hassan Altambakti,KSA,DF,0,237,0,0,0,0,0,0,0,0.0,0.0,0,1,5,26,7,87,71,81.61,0,0,0,2,0,0,0,0,1,0,0,0,0,0,,,,
Anass Salah Eddine,MAR,DF,0,240,0,0,1,0,0,1,0,0.01,0.0,0,0,3,35,10,166,152,91.57,3,0,0,1,100,0,0,3,2,0,0,0,0,0,,,,
Christ Inao Oulai,CIV,MF,0,240,0,0,2,0,1,1,0,0.13,0.0,0,0,21,82,20,125,115,92.0,0,0,4,4,100,3,100,3,5,0,0,0,0,0,,,,
Evidence Makgopa,RSA,FW,0,241,0,3,4,0,4,0,2,0.42,0.0,0,0,15,76,9,29,20,68.97,0,0,0,1,100,0,0,1,1,0,0,0,2,0,,,,
Aziz Behich,AUS,DF,0,245,0,1,1,0,1,0,0,0.02,0.0,0,0,9,55,7,82,60,73.17,6,17,1,1,0,1,100,1,4,0,0,0,0,0,,,,
Ricardo Pepi,USA,FW,0,247,0,0,5,0,5,0,2,0.38,0.0,0,0,18,84,15,38,33,86.84,1,0,4,1,100,0,0,5,2,0,0,0,2,0,,,,
Julian Ryerson,NOR,FW,0,248,0,0,0,0,0,0,0,0.0,0.0,7,0,31,53,13,149,131,87.92,14,50,3,13,46,0,0,6,1,0,0,0,0,0,,,,
Kenan Yildiz,TUR,FW,0,249,0,1,14,0,11,3,0,0.38,0.0,0,0,7,32,5,121,108,89.26,8,13,8,10,70,1,0,2,4,0,0,0,0,0,,,,
Juergen Locadia,CUW,FW,0,250,0,0,1,0,1,0,0,0.08,0.0,0,0,7,76,4,48,37,77.08,0,0,0,1,100,1,100,3,4,0,0,0,2,0,,,,
Jose Luis Rodriguez,PAN,MF,0,251,0,1,3,0,1,2,0,0.24,0.0,3,0,20,88,12,48,35,72.92,16,13,2,3,33,2,50,4,2,0,0,0,0,0,,,,
Sphephelo Sithole,RSA,MF,0,252,0,0,0,0,0,0,0,0.0,0.0,0,0,7,72,13,129,109,84.5,0,0,0,1,0,5,80,5,1,0,1,0,0,3,,,,
Joel Ordonez,ECU,DF,0,253,0,0,2,0,2,0,1,0.26,0.0,0,0,7,18,5,113,101,89.38,0,0,1,2,50,1,100,1,1,0,0,0,0,0,,,,
Amar Memic,BIH,MF,0,254,0,1,3,0,2,1,0,0.19,0.0,0,0,13,54,10,52,39,75.0,5,0,1,4,0,0,0,3,3,0,0,0,0,0,,,,
Jackson Irvine,AUS,MF,0,255,0,1,3,0,3,0,1,0.21,0.0,0,0,7,80,11,124,103,83.06,2,50,1,2,0,2,100,3,3,1,0,0,0,1,,,,
Andy Robertson,SCO,DF,0,255,0,0,0,0,0,0,0,0.0,0.0,0,0,13,47,5,153,124,81.05,11,36,1,7,14,3,33,3,1,1,0,0,0,1,,,,
Mohamed Kanno,KSA,MF,0,256,0,2,3,0,2,1,2,0.16,0.0,0,0,10,84,14,104,97,93.27,1,0,1,6,67,3,100,5,0,1,0,0,0,1,,,,
Ismail Jakobs,SEN,DF,0,257,0,0,1,0,1,0,0,0.11,0.0,9,0,13,51,10,117,106,90.6,19,21,1,9,78,0,0,2,0,0,0,0,0,0,,,,
Jonas Adjetey,GHA,DF,0,257,0,1,2,0,2,0,2,0.1,0.0,0,0,3,19,6,120,105,87.5,0,0,0,0,0,4,75,1,0,0,0,0,0,0,,,,
Anis Slimane,TUN,MF,0,257,0,1,1,0,1,0,1,0.11,0.0,2,0,5,92,5,75,59,78.67,4,50,0,2,50,2,100,0,0,0,0,0,2,0,,,,
Ali Ahmed,CAN,FW,0,258,0,1,3,0,1,2,0,0.29,0.0,2,0,18,113,12,65,51,78.46,15,20,3,5,40,1,100,1,5,0,0,0,0,0,,,,
Ange Yoan Bonny,CIV,FW,0,258,0,1,1,0,0,1,0,0.05,0.0,0,0,7,123,7,30,26,86.67,3,33,1,0,0,0,0,1,3,0,0,0,1,0,,,,
Benjamin Asare,GHA,GK,0,259,0,0,0,0,0,0,0,0.0,0.0,0,0,0,0,0,59,41,69.49,0,0,0,4,25,0,0,0,1,0,0,0,0,0,8.0,55.0,47.0,102.0
Ibrahim Bayesh,IRQ,MF,0,259,0,0,1,0,1,0,0,0.45,0.0,0,0,14,120,14,48,40,83.33,1,0,6,3,33,0,0,3,5,0,0,0,0,0,,,,
Deveron Fonville,CUW,DF,0,260,0,0,0,0,0,0,0,0.0,0.0,0,0,9,73,19,66,55,83.33,0,0,4,3,33,0,0,2,3,0,0,0,0,0,,,,
Hamdy Fathy,EGY,MF,0,260,0,0,0,0,0,0,0,0.0,0.0,0,0,6,82,18,130,119,91.54,1,0,0,3,0,3,100,3,2,1,0,0,1,1,,,,
Fernando Muslera,URU,GK,0,261,0,0,0,0,0,0,0,0.0,0.0,0,0,0,0,0,71,57,80.28,0,0,0,1,0,0,0,0,0,0,0,0,0,0,4.0,41.0,34.0,75.0
Feras Albrikan,KSA,FW,0,262,0,0,0,0,0,0,0,0.0,0.0,0,0,11,150,11,51,32,62.75,0,0,0,5,0,0,0,2,3,1,0,0,0,1,,,,
Esmir Bajraktarevic,BIH,FW,0,262,0,2,3,0,1,2,0,0.11,0.0,1,0,16,85,8,71,58,81.69,8,0,3,0,0,0,0,1,2,0,0,0,0,0,,,,
Cristian Martinez,PAN,MF,0,264,0,0,1,0,1,0,0,0.24,0.0,4,0,11,105,17,78,57,73.08,12,17,1,9,22,1,0,5,5,0,0,0,1,0,,,,
Benjamin Tahirovic,BIH,MF,0,266,0,0,1,0,0,1,0,0.01,0.0,1,0,11,84,10,107,91,85.05,2,0,0,2,0,1,100,3,2,0,0,0,0,0,,,,
Tahith Chong,CUW,MF,0,267,0,2,4,0,2,2,0,0.2,0.0,0,0,5,113,9,61,51,83.61,0,0,9,11,64,0,0,3,13,0,0,0,0,0,,,,
Shogo Taniguchi,JPN,DF,0,267,0,0,0,0,0,0,0,0.0,0.0,0,0,3,11,4,127,122,96.06,1,0,0,1,0,0,0,2,1,1,0,0,0,1,,,,
Ellyes Skhiri,TUN,MF,0,267,0,0,0,0,0,0,0,0.0,0.0,0,1,10,40,10,109,99,90.83,0,0,0,3,0,2,100,0,1,0,0,0,0,0,,,,
Thiago Almada,ARG,FW,0,267,0,2,5,0,2,3,0,0.25,0.0,0,0,26,70,11,170,154,90.59,1,0,3,2,50,2,100,2,2,1,0,0,2,1,,,,
Otabek Shukurov,UZB,MF,0,268,0,0,2,0,0,2,0,0.08,0.0,0,0,5,96,12,117,103,88.03,1,0,2,3,33,3,100,2,5,0,0,0,0,0,,,,
Arthur Theate,BEL,DF,0,268,0,1,5,0,3,2,2,0.25,0.0,0,0,3,10,6,164,153,93.29,0,0,0,0,0,0,0,1,0,0,0,0,0,0,,,,
Kim Minjae,KOR,DF,0,268,0,1,1,0,1,0,1,0.1,0.0,0,0,3,13,4,226,221,97.79,0,0,1,0,0,0,0,2,0,0,0,0,0,0,,,,
Akram Afif,QAT,FW,0,269,0,0,2,0,1,1,0,0.16,0.0,7,0,16,54,5,93,73,78.49,12,33,2,12,42,3,67,0,4,0,0,0,2,0,,,,
Alan Franco,ECU,MF,0,270,0,0,0,0,0,0,0,0.0,0.0,0,0,9,40,14,148,140,94.59,4,0,0,3,33,0,0,7,0,2,0,0,0,2,,,,
Paul Wanner,AUT,MF,0,270,0,0,1,0,1,0,1,0.08,0.0,0,0,18,146,20,80,68,85.0,1,0,3,4,75,1,100,4,1,0,0,0,0,0,,,,
Edgar Yoel Barcenas,PAN,MF,0,272,0,0,2,0,0,2,0,0.05,0.0,3,0,9,74,6,109,96,88.07,5,40,2,3,67,4,100,3,3,1,0,0,0,1,,,,
Federico Valverde,URU,MF,0,272,0,2,10,0,3,7,0,0.5,0.0,2,0,19,76,8,120,98,81.67,8,0,2,12,67,5,100,1,0,0,0,0,0,0,,,,
Yan Valery,TUN,DF,0,274,0,0,0,0,0,0,0,0.0,0.0,0,0,13,68,10,80,54,67.5,7,29,3,8,13,1,100,4,1,0,0,0,1,0,,,,
Seol Youngwoo,KOR,DF,0,274,0,0,2,0,1,1,0,0.03,0.0,0,0,6,41,6,123,113,91.87,11,27,0,6,83,0,0,1,2,0,0,0,4,0,,,,
Joe Bell,NZL,MF,0,275,0,0,1,0,0,1,0,0.01,0.0,0,0,27,98,22,143,120,83.92,0,0,2,0,0,1,100,3,0,0,0,0,0,0,,,,
Salem Aldawsari,KSA,FW,0,276,0,1,3,0,1,2,0,0.08,0.0,0,0,15,120,15,81,58,71.6,2,0,7,4,75,1,100,3,4,1,0,0,1,1,,,,
Maxence Lacroix,FRA,DF,0,276,0,0,0,0,0,0,0,0.0,0.0,0,0,1,31,13,130,125,96.15,0,0,2,0,0,1,100,5,0,0,0,0,1,0,,,,
Djibril Sow,SUI,MF,0,276,0,1,2,0,1,1,0,0.23,0.0,0,0,8,54,5,97,83,85.57,4,25,0,7,57,1,100,5,4,0,0,0,0,0,,,,
Edson Alvarez,MEX,DF,0,278,0,0,2,0,1,1,1,0.19,0.0,0,0,3,37,13,153,138,90.2,2,50,1,3,0,4,75,5,2,1,0,0,0,1,,,,
Oscar Bobb,NOR,MF,0,279,0,3,4,0,4,0,0,0.62,0.0,0,0,12,113,17,111,102,91.89,2,0,6,5,20,0,0,1,4,0,0,0,0,0,,,,
Juninho Bacuna,CUW,MF,0,280,0,1,5,0,2,3,1,0.33,0.0,2,0,16,148,21,75,60,80.0,5,20,7,4,25,1,100,6,3,2,0,0,0,2,,,,
Kwasi Sibo,GHA,MF,0,282,0,0,0,0,0,0,0,0.0,0.0,0,0,5,114,15,93,88,94.62,0,0,1,1,100,2,100,7,1,0,0,0,0,0,,,,
Kevin Danso,AUT,DF,0,284,0,0,1,0,1,0,1,0.06,0.0,0,0,2,23,8,164,147,89.63,1,0,2,1,0,1,100,1,2,0,0,0,0,0,,,,
Abdallah Nasib,JOR,DF,0,287,0,0,0,0,0,0,0,0.0,0.0,0,0,12,38,6,97,70,72.16,0,0,0,1,0,0,0,1,1,0,0,0,0,0,,,,
Mory Diaw,SEN,GK,0,287,0,0,0,0,0,0,0,0.0,0.0,0,0,0,0,0,95,64,67.37,0,0,0,2,0,1,100,0,2,0,0,0,0,0,5.0,53.0,45.0,98.0
Oswin Appollis,RSA,FW,0,287,0,1,4,0,0,4,0,0.15,0.0,7,0,12,115,9,99,82,82.83,7,14,5,3,33,1,100,1,2,0,0,0,0,0,,,,
Rustam Ashurmatov,UZB,DF,0,288,0,0,0,0,0,0,0,0.0,0.0,0,0,17,32,9,123,101,82.11,0,0,0,4,0,1,100,1,0,0,0,0,0,0,,,,
Danley Jean Jacques,HAI,MF,0,288,0,0,0,0,0,0,0,0.0,0.0,0,0,11,78,25,116,102,87.93,2,0,1,1,0,3,100,5,3,1,0,0,0,1,,,,
Tani Oluwaseyi,CAN,FW,0,288,0,4,8,0,8,0,2,0.99,0.0,0,0,11,104,20,41,27,65.85,4,0,4,4,50,1,100,5,5,0,0,0,1,0,,,,
Micky Van De Ven,NED,DF,0,291,0,1,3,0,2,1,2,0.13,0.0,0,0,8,87,13,117,105,89.74,3,0,1,3,67,0,0,5,1,1,0,0,0,1,,,,
Jean Ricner Bellegarde,HAI,MF,0,292,0,0,6,0,1,5,1,0.29,0.0,5,0,13,89,17,130,112,86.15,12,25,1,5,60,4,100,4,5,1,0,0,0,1,,,,
Tarik Muharemovic,BIH,DF,0,292,0,0,1,0,1,0,1,0.12,0.0,0,0,10,25,11,153,132,86.27,0,0,1,3,67,3,100,5,2,0,1,0,0,3,,,,
Ali Abdi,TUN,DF,0,293,0,0,1,0,0,1,0,0.05,0.0,1,0,22,102,24,74,51,68.92,5,0,2,5,60,0,0,4,2,0,0,0,0,0,,,,
Mehdi Taremi,IRN,FW,0,293,0,2,5,0,4,1,1,1.34,0.0,0,0,17,100,7,71,58,81.69,2,0,3,4,25,0,0,3,5,0,0,0,2,0,,,,
Gustavo Velazquez,PAR,DF,0,293,0,0,0,0,0,0,0,0.0,0.0,0,0,3,24,3,80,57,71.25,4,0,0,6,17,3,100,2,0,0,0,0,0,0,,,,
Thalente Mbatha,RSA,MF,0,293,0,1,4,0,0,4,0,0.11,0.0,0,0,12,99,14,97,82,84.54,4,0,0,4,50,1,100,4,0,1,0,0,0,1,,,,
Carlos Harvey,PAN,DF,0,295,0,0,5,0,4,1,2,0.29,0.0,0,0,28,53,19,107,85,79.44,1,0,4,3,33,6,67,8,3,1,0,0,0,1,,,,
Mohannad Abutaha,JOR,MF,0,296,0,0,1,0,0,1,0,0.04,0.0,2,0,21,98,21,87,59,67.82,6,50,6,6,50,2,0,2,2,1,0,0,0,1,,,,
Theo Hernandez,FRA,DF,0,296,0,0,3,0,1,2,0,0.12,0.0,0,0,26,57,11,149,139,93.29,5,20,1,3,33,1,100,2,4,0,0,0,0,0,,,,
Noah Sadiki,COD,MF,0,297,0,0,0,0,0,0,0,0.0,0.0,0,0,12,135,17,116,103,88.79,1,100,3,3,33,0,0,2,3,2,0,0,0,2,,,,
Saeid Ezatolahi,IRN,MF,0,298,0,2,6,0,2,4,2,0.49,0.0,0,0,22,96,22,99,78,78.79,0,0,1,4,50,0,0,7,4,2,0,0,0,2,,,,
Montassar Talbi,TUN,DF,0,298,0,0,1,0,1,0,1,0.08,0.0,0,0,5,17,6,113,107,94.69,0,0,0,0,0,4,75,1,1,0,0,0,0,0,,,,
Kim Seunggyu,KOR,GK,0,300,0,0,0,0,0,0,0,0.0,0.0,0,0,0,0,0,116,85,73.28,0,0,0,9,11,2,50,0,0,0,0,0,0,0,11.0,42.0,34.0,76.0
Lee Hanbeom,KOR,DF,0,300,0,0,2,0,2,0,2,0.22,0.0,0,0,5,41,22,200,183,91.5,2,50,0,3,33,1,100,7,3,0,0,0,0,0,,,,
Lee Gihyuk,KOR,MF,0,300,0,0,0,0,0,0,0,0.0,0.0,0,0,6,19,4,236,217,91.95,4,0,1,3,0,4,100,2,2,1,0,0,0,1,,,,
Aleksandar Pavlovic,GER,MF,0,300,0,1,4,0,1,3,0,0.37,0.0,0,0,27,76,20,260,240,92.31,1,0,1,1,0,1,100,13,4,1,0,0,0,1,,,,
Abdulkerim Bardakci,TUR,DF,0,300,0,0,3,0,1,2,0,0.07,0.0,0,0,3,27,12,242,222,91.74,6,33,1,3,33,5,60,1,3,0,0,0,0,0,,,,
Leandro Bacuna,CUW,MF,0,300,0,1,6,0,3,3,2,0.33,0.0,1,0,18,110,17,125,108,86.4,4,0,4,4,25,1,100,3,3,1,0,0,0,1,,,,
Sherel Floranus,CUW,DF,0,300,0,0,2,0,1,1,0,0.17,0.0,0,0,16,95,25,112,95,84.82,0,0,1,3,33,1,100,2,0,0,0,0,1,0,,,,
Armando Obispo,CUW,DF,0,300,0,0,0,0,0,0,0,0.0,0.0,0,0,4,24,9,97,87,89.69,0,0,1,1,100,1,100,1,0,0,0,0,1,0,,,,
Eloy Room,CUW,GK,0,300,0,0,0,0,0,0,0,0.0,0.0,0,0,0,0,0,89,48,53.93,0,0,0,1,0,0,0,0,0,0,0,0,0,0,21.0,81.0,72.0,153.0
Saud Abdulhamid,KSA,DF,0,300,0,0,2,0,0,2,0,0.11,0.0,0,0,11,76,18,113,88,77.88,4,25,2,3,67,1,0,4,2,1,0,0,0,1,,,,
Antonio Ruediger,GER,DF,0,300,0,0,1,0,0,1,0,0.04,0.0,0,0,5,14,4,246,230,93.5,1,0,0,4,25,0,0,1,0,0,0,0,0,0,,,,
Robin Hranac,CZE,DF,0,301,0,0,0,0,0,0,0,0.0,0.0,0,0,15,37,15,116,104,89.66,1,0,0,2,0,0,0,6,0,0,0,0,0,0,,,,
Matej Kovar,CZE,GK,0,301,0,0,0,0,0,0,0,0.0,0.0,0,0,0,0,0,97,62,63.92,0,0,0,3,33,0,0,0,0,0,0,0,0,0,11.0,60.0,52.0,112.0
Ahmed Fatouh,EGY,DF,0,301,0,1,1,0,1,0,0,0.13,0.0,0,0,24,49,9,182,163,89.56,7,14,1,11,64,0,0,2,3,1,0,0,0,1,,,,
Luca Zidane,ALG,GK,0,302,0,0,0,0,0,0,0,0.0,0.0,0,0,0,0,0,104,91,87.5,0,0,0,0,0,0,0,0,0,0,0,0,0,0,9.0,34.0,32.0,66.0
Marko Stamenic,NZL,MF,0,302,0,0,3,0,1,2,0,0.09,0.0,0,0,10,67,18,171,156,91.23,2,50,2,9,44,1,100,4,0,1,0,0,0,1,,,,
Ghislain Konan,CIV,DF,0,303,0,0,4,0,3,1,0,0.28,0.0,0,0,14,67,12,149,124,83.22,9,22,9,9,44,2,100,0,1,0,0,0,0,0,,,,
Andres Andrade,PAN,DF,0,303,0,0,0,0,0,0,0,0.0,0.0,0,0,10,38,19,178,147,82.58,8,0,0,7,29,5,80,4,0,1,0,0,0,1,,,,
Jose Cordoba,PAN,DF,0,303,0,0,0,0,0,0,0,0.0,0.0,0,0,7,21,12,183,169,92.35,1,0,1,1,100,2,100,5,1,0,0,0,0,0,,,,
Orlando Mosquera,PAN,GK,0,303,0,0,0,0,0,0,0,0.0,0.0,0,0,0,0,0,103,74,71.84,0,0,0,2,0,2,100,0,0,0,0,0,0,0,9.0,48.0,42.0,90.0
Amir Murillo,PAN,DF,0,303,0,1,5,0,4,1,0,0.37,0.0,0,0,11,68,15,112,88,78.57,8,50,5,12,58,1,100,1,7,0,0,0,1,0,,,,
Akam Hashim,IRQ,DF,0,303,0,0,1,0,0,1,0,0.03,0.0,0,0,3,16,7,148,126,85.14,0,0,4,3,33,1,100,0,3,0,0,0,0,0,,,,
Merchas Doski,IRQ,DF,0,303,0,0,1,0,0,1,0,0.02,0.0,0,0,4,65,25,141,115,81.56,3,67,0,13,23,1,100,3,8,1,0,0,0,1,,,,
Miguel Almiron,PAR,MF,0,306,0,0,4,0,1,3,0,0.11,0.0,2,0,17,123,21,67,49,73.13,4,0,6,6,67,0,0,2,7,1,1,0,0,4,,,,
Mohammed Alowais,KSA,GK,0,306,0,0,0,0,0,0,0,0.0,0.0,0,0,0,0,0,93,53,56.99,0,0,0,4,0,0,0,0,1,0,0,0,0,0,17.0,86.0,78.0,164.0
Max Crocombe,NZL,GK,0,306,0,0,0,0,0,0,0,0.0,0.0,0,0,0,0,0,107,78,72.9,0,0,0,4,0,0,0,0,1,0,0,0,0,0,11.0,97.0,88.0,185.0
Lewis Ferguson,SCO,MF,0,306,0,1,2,0,0,2,0,0.09,0.0,8,0,15,87,28,201,185,92.04,9,11,0,3,33,1,100,5,10,0,0,0,0,0,,,,
Angus Gunn,SCO,GK,0,306,0,0,0,0,0,0,0,0.0,0.0,0,0,0,0,0,119,90,75.63,0,0,0,0,0,1,100,0,0,0,0,0,0,0,9.0,75.0,64.0,139.0
Jack Hendry,SCO,DF,0,306,0,0,0,0,0,0,0,0.0,0.0,0,0,2,15,4,180,171,95.0,0,0,0,2,0,1,0,1,3,0,0,0,0,0,,,,
Scott Mctominay,SCO,MF,0,306,0,3,8,0,8,0,3,0.65,0.0,0,0,11,103,6,96,87,90.62,0,0,4,1,100,2,100,3,0,0,0,0,0,0,,,,
Ricardo Ade,HAI,DF,0,306,0,1,4,0,2,2,2,0.17,0.0,0,0,3,24,5,136,121,88.97,0,0,0,5,40,1,100,6,4,0,0,0,0,0,,,,
Hannes Delcroix,HAI,DF,0,306,0,0,0,0,0,0,0,0.0,0.0,0,0,9,21,9,151,146,96.69,1,0,0,2,50,1,100,1,2,0,0,0,0,0,,,,
Martin Experience,HAI,DF,0,306,0,0,1,0,0,1,0,0.01,0.0,0,0,26,91,26,111,93,83.78,6,0,1,6,33,3,100,7,6,0,0,0,0,0,,,,
Johny Placide,HAI,GK,0,306,0,0,0,0,0,0,0,0.0,0.0,0,0,0,0,0,105,67,63.81,0,0,0,2,0,0,0,0,0,1,0,0,0,1,13.0,56.0,48.0,104.0
Thomas Partey,GHA,MF,0,307,0,0,2,0,0,2,0,0.09,0.0,0,0,5,52,14,152,134,88.16,0,0,1,4,50,0,0,2,5,0,0,0,0,0,,,,
Nicolas Otamendi,ARG,DF,0,308,0,0,1,0,1,0,1,0.07,0.0,0,0,3,18,8,187,178,95.19,0,0,0,1,100,1,100,4,4,0,0,0,1,0,,,,
Emmanuel Agbadou,CIV,DF,0,308,0,1,3,0,1,2,1,0.05,0.0,0,0,4,28,8,154,142,92.21,0,0,0,1,0,0,0,0,0,0,0,0,0,0,,,,
Yazeed Abulaila,JOR,GK,0,309,0,0,0,0,0,0,0,0.0,0.0,0,0,0,0,0,66,42,63.64,0,0,0,3,33,0,0,0,0,0,0,0,0,0,8.0,70.0,56.0,126.0
Yazan Alarab,JOR,DF,0,309,0,0,0,0,0,0,0,0.0,0.0,0,1,10,28,16,106,94,88.68,0,0,2,1,0,0,0,4,0,1,0,0,0,1,,,,
Shoja Khalilzadeh,IRN,DF,0,309,0,0,2,0,2,0,2,0.18,0.0,0,0,8,26,12,141,118,83.69,0,0,0,1,0,2,100,4,0,1,0,0,1,1,,,,
Ali Nemati,IRN,DF,0,309,0,0,1,0,1,0,0,0.06,0.0,0,0,5,24,10,129,114,88.37,3,33,0,3,0,2,100,3,0,1,0,0,1,1,,,,
Alireza Beiranvand,IRN,GK,0,309,0,0,0,0,0,0,0,0.0,0.0,0,0,0,0,0,93,62,66.67,0,0,2,2,0,1,100,0,1,0,0,0,0,0,15.0,75.0,65.0,140.0
Mahmoud Abunada,QAT,GK,0,310,0,0,0,0,0,0,0,0.0,0.0,0,1,0,0,0,93,50,53.76,0,0,0,8,0,0,0,1,1,1,0,0,0,1,16.0,124.0,103.0,227.0
Pedro Miguel,QAT,DF,0,310,0,1,3,0,2,1,0,0.23,0.0,0,0,6,36,8,78,59,75.64,2,50,2,7,29,2,100,1,7,0,0,0,0,0,,,,
Boualem Khoukhi,QAT,DF,0,310,0,0,2,0,0,2,0,0.07,0.0,0,0,5,21,12,117,94,80.34,1,0,0,8,25,3,100,2,1,0,0,0,0,0,,,,
Issa Laye,QAT,DF,0,310,0,0,1,0,1,0,1,0.07,0.0,0,0,7,30,6,90,85,94.44,0,0,1,1,0,0,0,0,3,0,0,0,0,0,,,,
Amar Dedic,BIH,DF,0,310,0,1,2,0,0,2,0,0.06,0.0,0,0,14,95,11,99,80,80.81,0,0,8,1,0,3,100,6,3,1,0,0,0,1,,,,
Guela Doue,CIV,DF,0,311,0,0,1,0,1,0,0,0.01,0.0,0,0,12,78,19,163,143,87.73,11,45,0,9,56,2,100,6,5,1,0,0,0,1,,,,
Marin Pongracic,CRO,DF,0,311,0,0,1,0,1,0,1,0.05,0.0,0,0,6,13,7,200,182,91.0,0,0,0,1,0,1,100,3,0,0,0,0,0,0,,,,
Enner Valencia,ECU,FW,0,311,0,6,10,0,9,1,2,1.53,0.0,0,0,8,91,11,40,33,82.5,1,0,2,1,0,0,0,4,7,0,0,0,2,0,,,,
Abdukodir Khusanov,UZB,DF,0,311,0,0,0,0,0,0,0,0.0,0.0,0,0,11,23,8,98,81,82.65,0,0,0,1,0,1,100,6,0,2,0,0,0,2,,,,
Marvin Senaya,GHA,DF,0,312,0,0,2,0,1,1,0,0.1,0.0,0,0,34,89,24,91,75,82.42,8,25,1,4,75,1,100,6,4,0,0,0,0,0,,,,
Rodrigo Bentancur,URU,MF,0,313,0,0,4,0,3,1,3,0.32,0.0,0,0,9,82,15,174,157,90.23,3,0,4,2,50,0,0,7,5,1,0,0,0,1,,,,
Sebastian Caceres,URU,DF,0,313,0,0,3,0,2,1,2,0.13,0.0,0,0,8,31,13,172,154,89.53,1,0,0,4,50,3,100,2,2,0,0,0,0,0,,,,
Mathias Olivera,URU,DF,0,313,0,0,1,0,1,0,1,0.05,0.0,0,0,20,42,18,226,213,94.25,3,0,1,6,50,3,100,3,0,1,0,0,0,1,,,,
Guillermo Varela,URU,DF,0,313,0,0,2,0,0,2,0,0.01,0.0,0,0,8,20,5,134,119,88.81,10,30,1,8,75,1,100,1,1,1,0,0,0,1,,,,
Nabil Bentaleb,ALG,MF,0,313,0,0,1,0,0,1,0,0.02,0.0,0,0,16,42,12,280,255,91.07,1,0,0,3,67,1,0,2,3,0,0,0,0,0,,,,
Ugurcan Cakir,TUR,GK,0,313,0,0,0,0,0,0,0,0.0,0.0,0,0,0,0,0,98,77,78.57,0,0,0,0,0,1,100,0,0,0,0,0,0,0,8.0,55.0,46.0,101.0
Jerome Opoku,GHA,DF,0,313,0,0,0,0,0,0,0,0.0,0.0,0,0,8,10,7,115,95,82.61,0,0,1,7,43,7,57,2,4,0,0,0,0,0,,,,
Jamiro Monteiro,CPV,MF,0,314,0,1,5,0,2,3,0,0.19,0.0,4,0,12,110,23,106,87,82.08,6,33,0,3,33,0,0,4,2,0,0,0,0,0,,,,
Noni Madueke,ENG,FW,0,315,0,1,6,0,4,2,0,0.61,0.0,0,0,9,80,16,94,82,87.23,22,41,10,14,79,0,0,2,3,0,0,0,1,0,,,,
Rayan Ait Nouri,ALG,DF,0,315,0,0,1,0,1,0,0,0.02,0.0,0,0,12,70,25,211,190,90.05,9,0,12,7,57,0,0,6,4,0,0,0,0,0,,,,
Odilon Kossounou,CIV,DF,0,316,0,0,0,0,0,0,0,0.0,0.0,0,0,2,15,6,149,141,94.63,0,0,0,1,100,0,0,0,1,0,0,0,0,0,,,,
Jordan Ayew,GHA,FW,0,323,0,0,0,0,0,0,0,0.0,0.0,6,0,23,212,19,47,33,70.21,9,11,1,3,0,1,0,7,7,0,0,0,1,0,,,,
John Yeboah,ECU,FW,0,330,0,3,8,0,4,4,0,0.72,0.0,3,0,44,73,20,104,85,81.73,9,44,9,9,67,1,0,0,4,0,0,0,0,0,,,,
Diego Gomez,PAR,MF,0,332,0,0,6,0,2,4,0,0.25,0.0,1,0,23,147,37,101,80,79.21,2,0,2,4,25,2,100,5,1,2,0,0,0,2,,,,
Fabian Rieder,SUI,MF,0,332,0,2,7,0,4,3,0,1.09,0.0,8,0,19,210,30,87,71,81.61,16,0,2,10,40,2,100,3,6,0,0,0,0,0,,,,
Sergino Dest,USA,DF,0,335,0,1,3,0,1,2,0,0.21,0.0,0,0,14,97,9,102,89,87.25,7,29,9,14,64,0,0,2,4,0,0,0,0,0,,,,
James Rodriguez,COL,MF,0,338,0,3,6,0,2,4,0,0.24,0.0,11,0,7,146,8,237,199,83.97,17,29,2,14,50,9,67,0,5,0,0,0,0,0,,,,
Jeremy Doku,BEL,FW,0,341,0,1,3,0,3,0,0,0.14,0.0,0,0,15,134,18,90,74,82.22,11,36,21,16,81,0,0,4,18,0,0,0,0,0,,,,
Jordan Bos,AUS,DF,0,343,0,2,5,0,3,2,0,0.42,0.0,0,0,23,84,21,107,94,87.85,8,38,8,8,38,1,100,4,4,1,0,0,0,1,,,,
Steven Moreira,CPV,DF,0,346,0,0,2,0,1,1,0,0.06,0.0,0,0,9,77,7,109,88,80.73,4,75,3,3,0,0,0,0,2,0,0,0,0,0,,,,
Cesar Montes,MEX,DF,0,349,0,1,1,0,1,0,1,0.06,0.0,0,0,9,14,4,170,156,91.76,2,0,0,5,40,2,100,4,4,0,1,0,0,3,,,,
Derek Cornelius,CAN,DF,0,351,0,1,5,0,5,0,4,0.74,0.0,0,0,4,29,6,170,151,88.82,1,0,0,2,50,1,0,4,3,1,0,0,0,1,,,,
Nikola Katic,BIH,DF,0,353,0,0,2,0,1,1,1,0.08,0.0,0,0,14,43,18,165,148,89.7,0,0,0,1,0,0,0,4,0,1,0,0,0,1,,,,
Fredrik Aursnes,NOR,MF,0,355,0,0,2,0,1,1,0,0.02,0.0,0,0,8,63,20,178,158,88.76,4,25,1,5,20,1,100,5,3,0,0,0,0,0,,,,
Gabriel Gudmundsson,SWE,DF,0,356,0,0,0,0,0,0,0,0.0,0.0,1,0,13,58,14,147,112,76.19,5,20,1,7,14,2,100,5,7,1,0,0,0,1,,,,
Samuel Moutoussamy,COD,MF,0,360,0,0,3,0,0,3,0,0.13,0.0,0,0,39,114,31,147,122,82.99,1,100,0,6,17,4,100,8,1,1,0,0,0,1,,,,
Frenkie De Jong,NED,MF,0,360,0,0,1,0,1,0,0,0.04,0.0,0,0,7,85,22,243,224,92.18,0,0,1,5,80,2,100,6,6,0,0,0,0,0,,,,
Nicolas Seiwald,AUT,MF,0,361,0,0,3,0,2,1,0,0.05,0.0,0,0,16,64,19,153,141,92.16,3,33,0,2,100,1,100,1,1,0,0,0,0,0,,,,
Omar Alderete,PAR,DF,0,363,0,0,1,0,0,1,0,0.01,0.0,0,0,6,9,3,97,70,72.16,0,0,1,3,33,2,50,2,3,0,0,0,0,0,,,,
Alexander Sorloth,NOR,FW,0,363,0,1,5,0,5,0,1,0.6,0.0,0,0,9,70,8,110,88,80.0,5,20,2,5,100,0,0,6,2,0,0,0,2,0,,,,
Reece James,ENG,DF,0,368,0,0,1,0,0,1,0,0.04,0.0,0,0,5,66,18,188,173,92.02,11,27,3,8,38,3,33,3,1,0,0,0,0,0,,,,
Omar Marmoush,EGY,FW,0,369,0,1,11,0,8,3,0,0.91,0.0,3,0,27,109,11,77,65,84.42,5,0,6,12,75,3,100,3,8,0,0,0,0,0,,,,
Stefan Posch,AUT,DF,0,370,0,0,3,0,3,0,1,0.4,0.0,0,0,10,103,29,132,98,74.24,2,0,0,11,36,0,0,7,3,2,0,0,0,2,,,,
Nathan Ngoy,BEL,DF,0,376,0,0,1,0,1,0,0,0.02,0.0,0,0,10,30,15,219,205,93.61,0,0,0,4,25,4,100,6,1,0,1,0,0,3,,,,
Piero Hincapie,ECU,DF,0,376,0,0,3,0,3,0,3,0.4,0.0,1,0,11,80,29,189,160,84.66,15,13,2,13,31,0,0,5,4,1,1,0,0,4,,,,
John Stones,ENG,DF,0,380,0,0,1,0,1,0,1,0.07,0.0,0,0,5,17,3,184,178,96.74,0,0,0,1,100,3,100,1,1,0,0,0,0,0,,,,
Aubrey Modiba,RSA,DF,0,381,0,1,5,0,1,4,0,0.12,0.0,2,0,12,67,14,139,115,82.73,8,50,1,9,33,1,100,4,6,1,0,0,2,1,,,,
Ibrahim Maza,ALG,MF,0,389,0,3,11,0,7,4,1,1.06,0.0,0,0,25,153,14,141,111,78.72,1,0,12,13,46,1,100,1,5,0,0,0,0,0,,,,
Victor Lindelof,SWE,DF,0,390,0,0,2,0,2,0,2,0.26,0.0,0,0,5,24,10,200,190,95.0,0,0,0,3,67,1,100,3,0,0,0,0,0,0,,,,
Denis Zakaria,SUI,MF,0,392,0,2,5,0,5,0,1,0.61,0.0,0,0,19,63,23,185,160,86.49,14,14,3,10,70,0,0,4,0,2,0,0,1,2,,,,
Tyler Adams,USA,MF,0,397,0,0,0,0,0,0,0,0.0,0.0,0,0,30,65,21,231,211,91.34,0,0,0,6,67,1,100,5,6,1,0,0,0,1,,,,
Antonee Robinson,USA,DF,0,399,0,0,0,0,0,0,0,0.0,0.0,3,0,14,66,18,221,181,81.9,18,22,10,13,46,2,50,4,1,1,0,0,0,1,,,,
Aaron Wan Bissaka,COD,DF,0,399,0,0,0,0,0,0,0,0.0,0.0,0,0,12,104,14,137,109,79.56,7,29,2,5,60,0,0,1,1,0,0,0,1,0,,,,
Ermedin Demirovic,BIH,FW,0,399,0,4,4,0,1,3,0,0.08,0.0,0,0,19,131,15,39,29,74.36,0,0,1,5,80,0,0,11,3,1,0,0,1,1,,,,
Gustaf Lagerbielke,SWE,DF,0,400,0,1,3,0,3,0,3,0.13,0.0,0,0,8,50,14,206,173,83.98,1,0,1,7,57,1,100,1,3,0,0,0,1,0,,,,
Tajon Buchanan,CAN,FW,0,401,0,3,6,0,3,3,0,0.68,0.0,1,0,29,136,32,95,76,80.0,17,18,6,9,56,1,100,5,8,0,0,0,2,0,,,,
Mbekezeli Mbokazi,RSA,DF,0,402,0,1,4,0,0,4,0,0.06,0.0,0,0,9,49,16,213,185,86.85,2,0,2,7,57,3,67,3,4,0,0,0,1,0,,,,
Khuliso Mudau,RSA,DF,0,402,0,0,0,0,0,0,0,0.0,0.0,0,0,32,82,16,187,168,89.84,5,20,3,5,20,0,0,4,10,0,0,0,1,0,,,,
Ime Okon,RSA,DF,0,402,0,0,1,0,1,0,1,0.01,0.0,0,0,3,22,5,280,257,91.79,0,0,0,2,50,2,50,1,1,0,0,0,0,0,,,,
Ronwen Williams,RSA,GK,0,402,0,0,0,0,0,0,0,0.0,0.0,0,0,0,0,0,237,179,75.53,0,0,0,7,29,3,67,0,0,0,0,0,0,0,14.0,72.0,59.0,131.0
Ramy Bensebaini,ALG,DF,0,403,0,0,2,0,1,1,1,0.04,0.0,0,0,7,36,11,385,359,93.25,0,0,1,8,38,1,100,1,5,0,0,0,0,0,,,,
Fares Chaibi,ALG,MF,0,403,0,3,9,0,4,5,1,0.64,0.0,4,0,30,140,16,244,220,90.16,7,0,3,10,50,3,100,3,2,1,0,0,1,1,,,,
Aissa Mandi,ALG,DF,0,403,0,0,0,0,0,0,0,0.0,0.0,0,0,14,19,6,382,357,93.46,0,0,0,5,20,10,90,0,5,0,0,0,0,0,,,,
Vitinha,POR,MF,0,404,0,0,4,0,0,4,0,0.12,0.0,0,0,19,124,13,403,379,94.04,0,0,2,7,71,11,100,4,5,0,0,0,0,0,,,,
Hiroki Ito,JPN,DF,0,405,0,0,1,0,0,1,0,0.04,0.0,0,0,23,34,14,199,178,89.45,10,20,0,11,27,2,50,7,0,0,0,0,0,0,,,,
Zion Suzuki,JPN,GK,0,405,0,0,0,0,0,0,0,0.0,0.0,0,0,0,0,0,109,76,69.72,0,0,0,6,17,0,0,0,1,0,0,0,0,0,17.0,78.0,64.0,142.0
Aiden Oneill,AUS,MF,0,406,0,0,2,0,1,1,0,0.07,0.0,4,0,25,105,15,172,142,82.56,8,50,3,12,42,3,33,2,8,0,0,0,0,0,,,,
Moises Caicedo,ECU,MF,0,407,0,1,4,0,1,3,1,0.19,0.0,8,0,16,83,28,295,264,89.49,16,44,0,13,54,3,100,5,4,1,0,0,0,1,,,,
Hernan Galindez,ECU,GK,0,407,0,0,0,0,0,0,0,0.0,0.0,0,0,0,0,0,105,70,66.67,0,0,0,5,60,0,0,0,0,0,0,0,0,0,12.0,68.0,63.0,131.0
Willian Pacho,ECU,DF,0,407,0,1,1,0,1,0,1,0.11,0.0,0,0,10,51,12,238,217,91.18,0,0,1,2,0,0,0,3,2,0,0,0,0,0,,,,
Yahia Fofana,CIV,GK,0,408,0,0,0,0,0,0,0,0.0,0.0,0,0,0,0,0,114,74,64.91,0,0,0,1,100,0,0,0,3,0,0,0,0,0,11.0,84.0,68.0,152.0
Lionel Mpasi,COD,GK,0,409,0,0,0,0,0,0,0,0.0,0.0,0,0,0,0,0,139,94,67.63,0,0,0,5,0,0,0,0,0,0,0,0,0,0,15.0,83.0,70.0,153.0
Axel Tuanzebe,COD,DF,0,409,0,0,0,0,0,0,0,0.0,0.0,0,0,6,20,10,155,140,90.32,0,0,0,0,0,2,100,3,3,0,0,0,0,0,,,,
Mohanad Lashin,EGY,MF,0,409,0,0,2,0,1,1,1,0.12,0.0,0,0,23,156,42,191,169,88.48,2,0,2,7,29,6,100,5,3,2,0,0,0,2,,,,
Idrissa Gana Gueye,SEN,MF,0,411,0,1,5,0,0,5,0,0.12,0.0,0,0,24,91,23,270,243,90.0,1,0,0,8,63,5,100,2,2,0,0,0,0,0,,,,
Nikola Vasilj,BIH,GK,0,411,0,0,0,0,0,0,0,0.0,0.0,0,0,0,0,0,155,94,60.65,0,0,0,4,0,0,0,0,0,0,0,0,0,0,8.0,92.0,70.0,162.0
Alexander Schlager,AUT,GK,0,412,0,0,0,0,0,0,0,0.0,0.0,0,0,0,0,0,123,106,86.18,0,0,0,0,0,0,0,0,1,0,0,0,0,0,15.0,85.0,74.0,159.0
Johan Vasquez,MEX,DF,0,412,0,0,1,0,1,0,1,0.22,0.0,0,0,7,14,6,237,221,93.25,0,0,0,4,50,1,100,0,2,1,0,0,0,1,,,,
Dominik Livakovic,CRO,GK,0,413,0,0,0,0,0,0,0,0.0,0.0,0,0,0,0,0,129,95,73.64,0,0,0,0,0,0,0,0,1,0,0,0,0,0,12.0,80.0,68.0,148.0
Josip Sutalo,CRO,DF,0,413,0,0,1,0,1,0,0,0.06,0.0,0,0,4,17,9,267,241,90.26,0,0,3,4,0,7,71,2,1,0,0,0,0,0,,,,
Gideon Mensah,GHA,DF,0,414,0,0,0,0,0,0,0,0.0,0.0,0,0,10,63,18,182,156,85.71,3,0,1,6,33,2,100,2,2,0,0,0,0,0,,,,
Antoine Semenyo,GHA,MF,0,414,0,0,6,0,3,3,1,0.26,0.0,0,0,26,123,20,68,52,76.47,5,0,5,5,60,0,0,6,4,0,0,0,4,0,,,,
Ruben Dias,POR,DF,0,418,0,0,0,0,0,0,0,0.0,0.0,0,0,12,27,6,249,233,93.57,0,0,1,6,33,1,100,6,3,1,0,0,0,1,,,,
Jonathan Tah,GER,DF,0,419,0,1,1,0,1,0,1,0.03,0.0,0,0,5,27,9,375,364,97.07,1,0,1,3,100,1,100,5,1,0,0,0,0,0,,,,
Matt Freese,USA,GK,0,419,0,0,0,0,0,0,0,0.0,0.0,0,0,0,0,0,95,63,66.32,0,0,0,2,0,0,0,0,2,0,0,0,0,0,10.0,58.0,48.0,106.0
Chris Richards,USA,DF,0,419,0,0,1,0,1,0,1,0.06,0.0,0,0,4,22,11,291,277,95.19,0,0,0,2,0,2,100,8,3,1,0,0,0,1,,,,
Tim Ream,USA,DF,0,419,0,0,0,0,0,0,0,0.0,0.0,0,0,3,16,6,298,281,94.3,0,0,2,6,33,5,100,0,2,0,0,0,0,0,,,,
Luc De Fougerolles,CAN,DF,0,421,0,1,3,0,3,0,1,0.17,0.0,0,0,17,41,22,191,170,89.01,1,0,0,6,67,1,0,8,8,2,0,0,0,2,,,,
Ayyoub Bouaddi,MAR,MF,0,425,0,0,3,0,0,3,0,0.14,0.0,0,0,23,113,36,264,237,89.77,0,0,6,1,100,1,100,3,6,0,0,0,0,0,,,,
Manu Kone,FRA,MF,0,426,0,2,6,0,1,5,0,0.19,0.0,0,0,24,91,23,263,242,92.02,1,0,2,3,100,2,50,6,7,1,0,0,0,1,,,,
Ramy Rabia,EGY,DF,0,431,0,1,1,0,1,0,1,0.1,0.0,0,0,12,31,11,244,224,91.8,0,0,0,2,50,8,50,3,2,0,0,0,0,0,,,,
Jesus Gallardo,MEX,DF,0,431,0,0,4,0,2,2,0,0.12,0.0,0,0,7,69,19,167,140,83.83,19,21,3,11,18,2,100,7,3,0,0,0,0,0,,,,
Bart Verbruggen,NED,GK,0,432,0,0,0,0,0,0,0,0.0,0.0,0,0,0,0,0,123,89,72.36,0,0,0,2,0,0,0,0,0,0,0,0,0,0,17.0,57.0,54.0,111.0
Patrick Beach,AUS,GK,0,435,0,0,0,0,0,0,0,0.0,0.0,0,0,0,0,0,122,79,64.75,0,0,0,3,0,0,0,0,0,0,0,0,0,0,14.0,91.0,76.0,167.0
Alessandro Circati,AUS,DF,0,438,0,0,3,0,2,1,2,0.13,0.0,0,0,12,48,28,221,177,80.09,1,0,1,10,60,4,75,5,4,1,0,0,0,1,,,,
Harry Souttar,AUS,DF,0,438,0,1,1,0,1,0,1,0.05,0.0,0,0,4,18,6,199,171,85.93,0,0,1,8,38,3,33,8,1,1,0,0,0,1,,,,
Johan Mojica,COL,DF,0,442,0,2,3,0,1,2,1,0.13,0.0,0,0,11,45,3,202,161,79.7,12,17,0,8,38,1,100,1,7,1,0,0,1,1,,,,
Manuel Neuer,GER,GK,0,442,0,0,0,0,0,0,0,0.0,0.0,0,0,0,0,0,129,118,91.47,0,0,0,1,0,0,0,0,2,0,0,0,0,0,7.0,61.0,45.0,106.0
Vozinha,CPV,GK,0,445,0,0,0,0,0,0,0,0.0,0.0,0,0,0,0,0,166,117,70.48,0,0,1,2,0,0,0,0,3,0,0,0,0,0,18.0,136.0,102.0,238.0
Pico Lopes,CPV,DF,0,445,0,0,2,0,2,0,2,0.29,0.0,0,0,6,36,9,182,153,84.07,0,0,0,7,14,5,60,0,3,0,0,0,0,0,,,,
Diney Borges,CPV,DF,0,445,0,2,4,0,3,1,3,0.18,0.0,0,1,5,29,16,195,158,81.03,0,0,0,8,13,9,44,2,0,1,0,0,0,1,,,,
Junior Alonso,PAR,DF,0,456,0,1,3,0,1,2,0,0.2,0.0,0,0,31,140,16,116,69,59.48,1,0,0,7,29,2,100,3,3,1,0,0,1,1,,,,
Jefferson Lerma,COL,MF,0,459,0,1,5,0,2,3,0,0.24,0.0,0,0,13,77,8,274,242,88.32,2,50,1,2,0,1,100,6,5,1,0,0,0,1,,,,
Krepin Diatta,SEN,DF,0,459,0,0,1,0,0,1,0,0.04,0.0,2,0,7,44,13,283,255,90.11,10,40,6,4,75,1,100,4,6,0,0,0,0,0,,,,
Danilo,BRA,DF,0,471,0,0,1,0,1,0,0,0.04,0.0,0,0,3,50,8,294,262,89.12,7,29,1,6,50,1,100,7,1,2,0,0,1,2,,,,
Richie Laryea,CAN,DF,0,475,0,1,2,0,1,1,0,0.34,0.0,0,0,22,79,28,202,167,82.67,4,25,2,15,60,1,100,8,13,1,0,0,1,1,,,,
Djed Spence,ENG,DF,0,476,0,2,2,0,1,1,0,0.71,0.0,0,0,25,135,28,201,177,88.06,9,0,5,17,65,0,0,3,5,0,0,0,0,0,,,,
Juan Jose Caceres,PAR,DF,0,488,0,1,2,0,1,1,0,0.07,0.0,0,0,17,154,41,129,80,62.02,9,11,6,13,31,2,50,9,6,1,0,0,0,1,,,,
Maxim De Cuyper,BEL,DF,0,492,0,6,10,0,5,5,0,1.09,0.0,4,0,18,77,19,246,203,82.52,16,25,3,9,44,2,100,7,2,1,0,0,0,1,,,,
Raul Rangel,MEX,GK,0,494,0,0,0,0,0,0,0,0.0,0.0,0,0,0,0,0,155,120,77.42,0,0,0,4,0,1,100,1,0,0,0,0,0,0,8.0,57.0,46.0,103.0
Bilal El Khannouss,MAR,MF,0,501,0,4,6,0,2,4,1,0.28,0.0,2,0,15,127,19,238,186,78.15,14,14,6,23,65,2,100,5,5,1,0,0,0,1,,,,
Torbjorn Heggem,NOR,DF,0,503,0,1,1,0,1,0,0,0.61,0.0,0,0,2,30,10,301,282,93.69,0,0,1,4,25,0,0,2,0,0,0,0,0,0,,,,
Weston Mckennie,USA,MF,0,504,0,1,5,0,4,1,2,0.6,0.0,0,0,22,102,21,220,173,78.64,11,27,6,27,74,4,75,8,2,1,0,0,0,1,,,,
Douglas Santos,BRA,DF,0,505,0,0,2,0,2,0,0,0.2,0.0,0,0,21,111,42,275,256,93.09,6,17,0,5,60,0,0,3,2,1,0,0,1,1,,,,
Alistair Johnston,CAN,DF,0,511,0,2,5,0,4,1,2,0.18,0.0,2,0,12,52,16,240,184,76.67,24,25,3,17,53,2,100,5,4,1,0,0,0,1,,,,
Maxime Crepeau,CAN,GK,0,511,0,0,0,0,0,0,0,0.0,0.0,0,0,0,0,0,123,92,74.8,0,0,0,2,0,1,0,1,1,0,0,0,0,0,7.0,49.0,40.0,89.0
Lucas Digne,FRA,DF,0,513,0,1,2,0,0,2,0,0.03,0.0,0,0,27,59,10,283,252,89.05,17,6,0,8,50,1,100,7,2,0,0,0,0,0,,,,
Renato Veiga,POR,DF,0,518,0,0,2,0,2,0,2,0.28,0.0,0,0,9,45,11,336,320,95.24,0,0,1,4,50,1,100,5,3,2,0,0,0,2,,,,
Diogo Costa,POR,GK,0,518,0,0,0,0,0,0,0,0.0,0.0,0,0,0,0,0,125,98,78.4,0,0,0,5,20,2,0,0,1,0,0,0,0,0,20.0,114.0,93.0,207.0
Marquinhos,BRA,DF,0,520,0,0,2,0,2,0,1,0.21,0.0,0,0,11,45,12,380,367,96.58,1,100,0,4,75,6,100,0,2,0,0,0,1,0,,,,
Alisson,BRA,GK,0,520,0,0,0,0,0,0,0,0.0,0.0,0,0,0,0,0,132,107,81.06,0,0,1,3,0,1,100,0,0,0,0,0,0,0,15.0,67.0,59.0,126.0
Nico Oreilly,ENG,DF,0,523,0,1,7,0,6,1,5,0.88,0.0,0,0,19,119,25,216,200,92.59,6,50,4,6,67,2,100,6,4,1,0,0,0,1,,,,
William Saliba,FRA,DF,0,533,0,0,1,0,1,0,1,0.06,0.0,0,0,14,28,14,315,307,97.46,0,0,1,1,0,2,100,4,0,0,0,0,0,0,,,,
Jhon Lucumi,COL,DF,0,538,0,0,2,0,2,0,2,0.11,0.0,0,0,11,29,12,285,262,91.93,0,0,1,6,17,12,100,5,0,1,0,0,0,1,,,,
Camilo Vargas,COL,GK,0,541,0,0,0,0,0,0,0,0.0,0.0,0,0,0,0,0,202,157,77.72,0,0,0,10,20,0,0,0,0,0,0,0,0,0,7.0,57.0,54.0,111.0
Davinson Sanchez,COL,DF,0,541,0,2,6,0,5,1,4,0.54,0.0,0,0,20,32,18,361,324,89.75,0,0,1,10,20,6,100,6,5,1,0,0,1,1,,,,
Noussair Mazraoui,MAR,DF,0,542,0,0,0,0,0,0,0,0.0,0.0,0,0,29,59,20,275,251,91.27,4,0,5,5,40,0,0,4,6,0,0,0,0,0,,,,
Nicolas Tagliafico,ARG,DF,0,543,0,0,0,0,0,0,0,0.0,0.0,0,0,14,98,25,217,190,87.56,4,25,2,8,50,2,100,9,16,0,0,0,2,0,,,,
Mostafa Shoubir,EGY,GK,0,546,0,0,0,0,0,0,0,0.0,0.0,0,0,0,0,0,147,114,77.55,0,0,0,3,0,0,0,0,5,1,0,0,0,1,14.0,119.0,105.0,224.0
Andres Cubas,PAR,MF,0,554,0,0,1,0,0,1,0,0.02,0.0,0,0,43,231,57,117,97,82.91,0,0,0,1,0,1,100,14,3,1,0,0,0,1,,,,
Orlando Gill,PAR,GK,0,554,0,0,0,0,0,0,0,0.0,0.0,0,0,1,0,0,159,68,42.77,0,0,0,10,0,1,100,0,3,0,0,0,0,0,28.0,141.0,124.0,265.0
Gustavo Gomez,PAR,DF,0,554,0,0,2,0,2,0,2,0.07,0.0,0,0,9,31,10,91,80,87.91,0,0,0,0,0,0,0,3,2,0,0,0,1,0,,,,
Kristoffer Ajer,NOR,DF,0,554,0,1,2,0,2,0,2,0.2,0.0,0,0,12,29,8,273,256,93.77,2,100,3,1,100,0,0,2,1,1,0,0,0,1,,,,
Sander Berge,NOR,MF,0,554,0,0,0,0,0,0,0,0.0,0.0,0,0,9,101,17,425,412,96.94,2,0,1,4,75,2,100,6,2,0,0,0,0,0,,,,
Orjan Nyland,NOR,GK,0,554,0,0,0,0,0,0,0,0.0,0.0,0,0,0,0,0,204,138,67.65,0,0,0,6,0,2,50,0,0,0,0,0,0,0,17.0,107.0,93.0,200.0
Leandro Paredes,ARG,MF,0,557,0,1,4,0,0,4,0,0.07,0.0,1,0,18,63,19,565,532,94.16,2,50,3,8,38,7,100,9,3,2,0,0,0,2,,,,
Pedri,ESP,MF,0,565,0,2,5,0,1,4,0,0.47,0.0,8,0,51,257,38,469,420,89.55,14,36,2,16,75,2,100,4,5,1,0,0,1,1,,,,
Nahuel Molina,ARG,DF,0,592,0,0,1,0,0,1,0,0.02,0.0,0,0,27,128,26,276,234,84.78,6,0,1,6,33,2,100,3,0,0,0,0,1,0,,,,
Thibaut Courtois,BEL,GK,0,625,0,0,0,0,0,0,0,0.0,0.0,0,0,0,0,0,198,144,72.73,0,0,0,5,0,0,0,0,0,0,0,0,0,0,17.0,110.0,90.0,200.0
Neil El Aynaoui,MAR,MF,0,634,0,2,7,0,5,2,4,0.6,0.0,1,0,51,132,48,433,405,93.53,0,0,1,3,0,3,67,15,7,0,0,0,0,0,,,,
Yassine Bounou,MAR,GK,0,650,0,0,0,0,0,0,0,0.0,0.0,0,1,0,0,0,211,142,67.3,0,0,0,9,0,0,0,0,4,0,0,0,0,0,19.0,112.0,91.0,203.0
Brandon Mechele,BEL,DF,0,651,0,1,5,0,5,0,4,0.39,0.0,0,0,16,48,15,399,369,92.48,0,0,1,4,50,2,100,9,2,1,0,0,0,1,,,,
Remo Freuler,SUI,MF,0,654,0,1,2,0,1,1,0,0.07,0.0,0,0,27,193,31,324,299,92.28,5,20,0,7,71,2,0,8,3,0,0,0,1,0,,,,
Jules Kounde,FRA,DF,0,666,0,0,2,0,2,0,1,0.06,0.0,0,0,33,132,25,353,314,88.95,15,13,0,7,43,0,0,6,5,0,0,0,1,0,,,,
Manuel Akanji,SUI,DF,0,673,0,1,1,0,1,0,0,0.18,0.0,0,0,15,44,21,479,444,92.69,0,0,0,8,88,8,100,4,4,0,0,0,0,0,,,,
Gregor Kobel,SUI,GK,0,673,0,0,0,0,0,0,0,0.0,0.0,0,0,0,0,0,255,190,74.51,0,0,0,6,0,2,50,0,3,0,0,0,0,0,20.0,100.0,88.0,188.0
Nico Elvedi,SUI,DF,0,673,0,0,3,0,3,0,2,0.3,0.0,0,0,8,48,12,438,406,92.69,0,0,3,2,50,5,100,5,6,1,0,0,0,1,,,,
Jordan Pickford,ENG,GK,0,756,0,0,0,0,0,0,0,0.0,0.0,0,0,0,0,0,265,190,71.7,0,0,0,12,42,3,33,0,4,0,0,0,0,0,19.0,133.0,110.0,243.0
Marc Guehi,ENG,DF,0,761,0,0,1,0,1,0,1,0.15,0.0,0,0,8,32,7,532,514,96.62,0,0,2,10,70,4,75,4,13,1,0,0,0,1,,,,
Mike Maignan,FRA,GK,0,810,0,0,0,0,0,0,0,0.0,0.0,0,0,0,0,0,225,179,79.56,0,0,0,3,33,1,100,0,2,0,0,0,0,0,15.0,108.0,86.0,194.0
Rodri,ESP,MF,0,819,0,0,7,0,2,5,1,0.27,0.0,0,0,43,112,39,799,747,93.49,3,0,2,21,90,11,91,11,9,0,0,0,1,0,,,,
Pau Cubarsi,ESP,DF,0,857,0,2,4,0,1,3,1,0.3,0.0,0,0,14,33,13,690,668,96.81,1,0,0,7,71,2,100,4,5,1,0,0,0,1,,,,
Unai Simon,ESP,GK,0,857,0,0,0,0,0,0,0,0.0,0.0,0,0,0,0,0,314,253,80.57,0,0,0,5,20,2,100,0,3,0,0,0,0,0,14.0,120.0,93.0,213.0
Emiliano Martinez,ARG,GK,0,934,0,0,0,0,0,0,0,0.0,0.0,0,0,0,0,0,268,195,72.76,0,0,0,10,20,1,100,0,1,0,0,0,0,0,20.0,111.0,97.0,208.0
